"platform","policy","timestamp","date","tokens","chars","lines","sentences","digest_text","bytes_content","lines_content","digest_content"
"Bluesky","Community_Guidelines","20240314T123135",2024-03-14,1581,9051,105,105,"754ad7edfa37f4a1468a4f5c27366d44",9394,100,"a1defc29845ceb7d64223445357b2ee9"
"Bluesky","Community_Guidelines","20240315T183003",2024-03-15,1954,11206,127,115,"098ac56c770996813c095d4626068b75",11535,122,"641cf56ec385c557d829ce1209c447d1"
"Bluesky","Community_Guidelines","20240321T003106",2024-03-21,1951,11199,127,115,"b84ac498c7d04907d3bfc347ad7323a9",11530,122,"6ea70992eb4ce8b5dd0c0d5536783c85"
"Bluesky","Community_Guidelines","20240522T183003",2024-05-22,1971,11343,129,117,"c42e9b61487a9a20a886702d11728a6a",11674,124,"94f4c57c707c6a54b8f4f3a84a5f759c"
"Bluesky","Community_Guidelines","20240807T003005",2024-08-07,1945,11192,95,108,"a97fdf8ffa9750c3fb7b108b3e6cfd61",11496,98,"770e98c53cbc83d588ce4b06e3713135"
"Bluesky","Privacy_Policy","20240314T123133",2024-03-14,4029,21992,225,189,"28e079a708471db0d1b4426e00860d24",23027,221,"2770ad4cf92e48df0198eeb53b28728b"
"Bluesky","Privacy_Policy","20240522T183002",2024-05-22,4201,22931,233,199,"b08ab7a726d2efbff845e0a3fbbbab1e",23998,228,"c5ec88c3c724d4923574c59e12dce236"
"Bluesky","Privacy_Policy","20240807T003004",2024-08-07,4138,23561,234,180,"12f38c57274dd8f8efd1d3f5e8f12106",24607,217,"2eac3a39fa523ba5cc1a4b47ba08917f"
"Bluesky","Terms_of_Service","20240314T123132",2024-03-14,4273,22146,181,261,"b9ea8de6a282042ce20e5a3c6cbfb53a",23649,146,"4aa0a5c9cd26f8e5e97a03ead61f170b"
"Bluesky","Terms_of_Service","20240522T183000",2024-05-22,4276,22158,181,261,"83bc219debf7b18e549a1082a0e1730b",23661,146,"2aa7da0ebd0d39683bfb6d51d064e0f5"
"Bluesky","Terms_of_Service","20240807T003001",2024-08-07,4142,21932,190,233,"e2596a9b5f963bd35c7a98491dd5f9c7",23398,146,"c10643f88e37b0e474abb586286e72f2"
"Bluesky","Terms_of_Service","20241219T003010",2024-12-19,4273,22652,195,241,"f226a0ff25d5596a2e4dd8f66180015a",24158,150,"59d304c036e01c5da5a1b3ee6fdf79ba"
"Bluesky","Terms_of_Service","20250208T003010",2025-02-08,4365,23134,197,242,"dbbf716818902b71d079f7a5c38a7975",24640,152,"ba17e5db052e6c678ff39a0e7f2d90c6"
"Facebook","Community_Guidelines","20221028T183009",2022-10-28,22383,129552,1637,407,"f1d41025efa7a1198643c5b05285b7a6",133464,1618,"7660a07814ac5136ce05dd507d32bffb"
"Facebook","Community_Guidelines","20221123T183047",2022-11-23,22691,131178,1632,411,"3e763e9176229b14f995979b9f041b06",135271,1613,"93d681b5a6bc114d2dbc1d0ba1302938"
"Facebook","Community_Guidelines","20221124T003038",2022-11-24,22691,131179,1632,411,"6178e796926213042b3b5aa0e1e8164a",135272,1613,"39fe6636187dc0474fef458c8102bea0"
"Facebook","Community_Guidelines","20221209T003002",2022-12-09,22621,130755,1630,409,"bc24a72f9d3d1765535f508afc0ed39f",134854,1611,"847eb6f37349eef52d2aabaab35df785"
"Facebook","Community_Guidelines","20221223T063002",2022-12-23,22783,131695,1643,412,"f668897ebed7b1badde81a5d01be514f",135780,1624,"ba750d7508bb397cd2d2020ed1e11a51"
"Facebook","Community_Guidelines","20230106T003002",2023-01-06,22782,131694,1643,412,"a1d11cc3258fd221632213cd7149475c",134740,1616,"2c726fa7ea1ab4599beb1375ffa3f4b4"
"Facebook","Community_Guidelines","20230129T183002",2023-01-29,22833,132017,1653,412,"081455fa283d542eab2597f347ea1ff9",135051,1626,"5c3769cd4218e033eec72e38cb9c8997"
"Facebook","Community_Guidelines","20230130T164416",2023-01-30,22833,132017,1653,412,"78631a3e30cd7959e065559558e05277",135156,1626,"47fc7c972045e215082ed2feea2b62e3"
"Facebook","Community_Guidelines","20230223T183002",2023-02-23,22919,132538,1655,413,"a7ea789e4c100e5bbc2b80ca726b4476",135673,1628,"747b946f849cebe0dc35a1c3f33c3de6"
"Facebook","Community_Guidelines","20230330T183002",2023-03-30,22956,132766,1655,414,"8d4d1c2dec822ae2c01214bbef49001e",135901,1628,"b6deea8346ec12193d62ddf72cce9074"
"Facebook","Community_Guidelines","20230427T183002",2023-04-27,23093,133545,1657,417,"e7b546cde4e749cfcca65e31c5d2ff5f",136757,1630,"0fba1743c052e1492f489a5cf1b7195a"
"Facebook","Community_Guidelines","20230516T183002",2023-05-16,23091,133536,1657,417,"91ae2ef998ed8d1da447b01e299a6fb5",136748,1630,"34e74cb0f69bc0012346586ab69acdb9"
"Facebook","Community_Guidelines","20230525T183002",2023-05-25,23143,133841,1657,418,"d20af27b7316bf836daa0fcec5dc3ebb",137053,1630,"d42e35644dc9587156e1a1421fea2e9f"
"Facebook","Community_Guidelines","20230629T183007",2023-06-29,22934,132755,1628,415,"1b351431697104300032c46b836d9382",136072,1607,"a8d6c41dde5831e64364c3db26385fb0"
"Facebook","Community_Guidelines","20230703T123050",2023-07-03,23189,134171,1651,416,"bdd6a720375c22eb2d1d1d51ba58c26b",137496,1626,"e8981804df591c18fb62fba2196d413a"
"Facebook","Community_Guidelines","20230714T183007",2023-07-14,23137,133926,1651,416,"a5772d1e243ac82971dc9ff752ee1d80",137251,1626,"7e44185e444de77f3f08d3f8fe2ec174"
"Facebook","Community_Guidelines","20230728T003047",2023-07-28,23150,133993,1652,415,"bfed287089833f2515e9dae0bb2f5c31",137316,1627,"349cbdf2a37b82a89252bb484bb29ee0"
"Facebook","Community_Guidelines","20230802T183006",2023-08-02,23238,134479,1653,415,"40547153f04173d23c141e1d9bbdc0dd",137804,1628,"c64fb4eeb4d2174af193422e878c06a5"
"Facebook","Community_Guidelines","20230804T183007",2023-08-04,23259,134592,1651,416,"135a8f4fda57bbbefa2812fb9d5b7369",137917,1626,"56ca58dd03daf4e8b1cc4fb07a8cd898"
"Facebook","Community_Guidelines","20230831T003121",2023-08-31,23451,135736,1668,424,"ef0ef55a0fbdbd76cff4419d3bd3879f",139077,1643,"d717d2d62446cae74e7c7d0ed814b42e"
"Facebook","Community_Guidelines","20230831T183006",2023-08-31,23500,136024,1670,424,"e348dd9aae1134f7809cc798ae05dd43",139365,1645,"f660fbedd5a7f36cd777cedbae70799c"
"Facebook","Community_Guidelines","20230922T183007",2023-09-22,23530,136160,1670,424,"1c9849a7b0f70e84e572fb0e7be5bc7f",139501,1645,"c2144a8785245b11545ab116b9e62209"
"Facebook","Community_Guidelines","20230928T183008",2023-09-28,23538,136207,1670,424,"fdd96ddbf9b70202bbbed9b6b107aed2",139548,1645,"fc979707709a24fef6bb9ba9de8088af"
"Facebook","Community_Guidelines","20230929T183007",2023-09-29,23619,136686,1672,427,"0df72ce210862ca9aa80b834d2436363",140027,1647,"6febffbac104fdb95da33632343099a1"
"Facebook","Community_Guidelines","20231011T123120",2023-10-11,23626,136734,1676,426,"66f11ed439f880042e5e2a91d5360476",140071,1651,"2314c020013759936547b12d99c6afae"
"Facebook","Community_Guidelines","20231017T183007",2023-10-17,23635,136772,1672,426,"7eb4c64d3f9e3d04d7fcc5241dc9757d",140115,1647,"f71151f169cb4c2111066087ce89dfd3"
"Facebook","Community_Guidelines","20231127T183008",2023-11-27,23660,136941,1667,426,"acc3d5acbe3d78e6456d34efa04b8d33",140046,1642,"10c64dc0933b52b9f428e14275d580f8"
"Facebook","Community_Guidelines","20231128T003221",2023-11-28,23678,137065,1709,429,"c3566e9558d5f68868e6815cf7db4dd1",140119,1659,"7193c6c77dd4740271c8f985d4204a6b"
"Facebook","Community_Guidelines","20231130T003229",2023-11-30,23839,137903,1718,432,"9e1f2096c7be403a59a15e151444e692",140953,1668,"78469296733195c2d4563b53d2daf446"
"Facebook","Community_Guidelines","20231130T063132",2023-11-30,23871,138082,1718,433,"8855bd56a5b00d067c487ba8f0141045",141134,1668,"89617dcb4368d0af12312a41ced82cff"
"Facebook","Community_Guidelines","20231205T123104",2023-12-05,23903,138261,1719,433,"43d07dd63d7e443dffb97091c85a0a1d",141311,1669,"beb196482bfb23c8842470fe776d170a"
"Facebook","Community_Guidelines","20231205T183007",2023-12-05,23619,136464,1724,430,"7646a6e7fb86bafc42095fe18873f57e",139584,1658,"b6f32f8b1364552c108c101d6a00498c"
"Facebook","Community_Guidelines","20231230T123129",2023-12-30,23276,134460,1716,414,"09d4ed63f6cb3ce8054cd0f078f9b986",137446,1641,"0ce422f921fd42dfc8fbe33f9fad9eb0"
"Facebook","Community_Guidelines","20240111T183006",2024-01-11,23272,134472,1714,414,"9c2310c73e8501d9039b19f75b9ed36a",137460,1639,"b2acddac8cf5a9735902b11d27aee821"
"Facebook","Community_Guidelines","20240112T003126",2024-01-12,23259,134455,1714,407,"f198132b586e43567b130173ad99895e",137444,1639,"0cfe2708ba60122cbbebdc3fac5a7898"
"Facebook","Community_Guidelines","20240112T183007",2024-01-12,23255,134451,1714,406,"3a8fdbf0d6bcbe2abf02fa7f620fdced",137440,1639,"a01539ee182dac4c187a07d456bd14da"
"Facebook","Community_Guidelines","20240119T183006",2024-01-19,23270,134533,1714,406,"364b7889ef5a6d4f07a808319c457be5",137522,1639,"96e7a3773f89a99c815b0ab10bfeb095"
"Facebook","Community_Guidelines","20240125T183006",2024-01-25,23261,134510,1714,406,"2c8ba0f1b3265460110dafd17764ef20",137499,1639,"adafe2b9f807ffdb2f4012bc0e0cae0a"
"Facebook","Community_Guidelines","20240206T183006",2024-02-06,23379,135196,1720,408,"96e7d033d89d057181675544bfd07828",138198,1645,"f35d687da21588c19bbdf50e0512ac7d"
"Facebook","Community_Guidelines","20240208T183006",2024-02-08,23647,136739,1737,420,"1c61c8ad875fef35f70d6a7b21820023",139757,1662,"41229634e886be2efc2a99def2645386"
"Facebook","Community_Guidelines","20240215T183006",2024-02-15,23648,136740,1737,420,"a0957db060c547695a58d2b07588af69",139758,1662,"79f3f9885a71ef2ed3d47c714b2aa80d"
"Facebook","Community_Guidelines","20240226T183049",2024-02-26,23649,136747,1737,420,"2ab61f39d0e6847ae9888de7f75c283d",139765,1662,"f99556fb3b6b7210ea437c15f6c44ced"
"Facebook","Community_Guidelines","20240308T003008",2024-03-08,23697,137047,1741,421,"7968d62da9298dc353c7e77434818ceb",140065,1666,"1d0b6423bc82c83c9c8ff9860dfcfae1"
"Facebook","Community_Guidelines","20240328T123010",2024-03-28,23716,137151,1742,421,"862206ef7549b69365bf6a17cfe1f993",140167,1667,"096d4b11a5d9642c98d72188e9c42b96"
"Facebook","Community_Guidelines","20240829T123031",2024-08-29,28006,162032,2094,480,"c25115e3cee55701b3b2f4b6bc460dae",165121,1959,"ddfd87cbda66bebdc2139c2975f0ed5c"
"Facebook","Community_Guidelines","20240830T003023",2024-08-30,28347,163955,2122,479,"fc1f42de25db287a74083034124a8f91",167009,1982,"8dd22a974fc12a41334206f7f62ff886"
"Facebook","Community_Guidelines","20240907T003022",2024-09-07,28541,165014,2138,482,"ed2c41c0bd6c9f98cc55075803b37ecd",168062,1998,"822ce61093cfb9fafe2c964b843dc23e"
"Facebook","Community_Guidelines","20240918T003024",2024-09-18,28536,164988,2137,482,"2735e887af38e8dd960be37bff23ba7f",168038,1997,"9670ad6acbdfc6a8da30a925c1bdea2b"
"Facebook","Community_Guidelines","20241002T123025",2024-10-02,28871,166950,2164,484,"966a9f41d7ac95bc566c0e4234f1427b",169789,2024,"ba0be78a83d7098a9e128e3d84abe100"
"Facebook","Community_Guidelines","20241003T003025",2024-10-03,28870,166923,2164,484,"177d991646701f9c3826984c4bcd6987",169762,2024,"739a10246dce5a1f012dcf4f4b304f35"
"Facebook","Community_Guidelines","20241004T003024",2024-10-04,28870,166921,2164,484,"c4c3842cdcbe4c8b9a69e41e6f166280",169760,2024,"5b0a0577a54d246bdc5a30de3674d8fb"
"Facebook","Community_Guidelines","20241005T003025",2024-10-05,28869,166918,2164,485,"ea95d12b685a51bfaa0e2bf6cebd6d2b",169757,2024,"2c25dea6dbbb10f8de37ddba2c2acf37"
"Facebook","Community_Guidelines","20241010T003023",2024-10-10,28958,167431,2176,486,"96c5e81184b2d891ba78e86cd7e578bd",170135,2036,"5bc51599f9337fe98f6edb5ffbb3e066"
"Facebook","Community_Guidelines","20241022T003024",2024-10-22,29010,167710,2180,489,"e5cb04233392e408ba50b538f160869e",170423,2040,"5684131d673eb6f6e7984811bad16292"
"Facebook","Community_Guidelines","20241113T003024",2024-11-13,28977,167546,2176,486,"97657a0d02f947038b8a8d3f8f195b12",170240,2036,"f0abc1bf2dd374f19ecf753c4d2e82f0"
"Facebook","Community_Guidelines","20241227T003035",2024-12-27,29058,168045,2180,486,"da3659b96cb29aa791400634af970381",170739,2040,"459d09af6258d145b9b3fdcc164282af"
"Facebook","Privacy_Policy","20220711T145805",2022-07-11,5085,27884,226,158,"55264ede878e207f58828edfe0839146",33344,251,"6b6e09f687ae04148ca28fab6ffd2846"
"Facebook","Privacy_Policy","20220907T171904",2022-09-07,19626,112301,958,435,"c5a8d5f35ca16cab4e782359cb26daf4",147252,1176,"1b2cff7866b1f439f018720b811f7fae"
"Facebook","Privacy_Policy","20220907T183001",2022-09-07,19626,112301,958,435,"6cb3ff0707f53126014e0f2d5bd21912",147266,1176,"196ce3cfc59974e2dbd10e9a48de2d04"
"Facebook","Privacy_Policy","20220908T003001",2022-09-08,19680,111400,958,435,"532ba3734f095e05aa78094affb68d70",140058,1176,"2ab75858e419d310691a6c0ee641a993"
"Facebook","Privacy_Policy","20220908T054130",2022-09-08,19680,111400,958,435,"410cccf7e89e9979f13b72704568ad98",140058,1176,"c32dde73c2e09b6e68dda62595213d9d"
"Facebook","Privacy_Policy","20220908T063001",2022-09-08,19680,111400,958,435,"35497edbca8b01631076181db9baa759",140058,1176,"a1e0eb2059f6934db4cdfef34d5b4d1f"
"Facebook","Privacy_Policy","20220908T123001",2022-09-08,19680,111414,958,435,"d8a8398c63b12acacb7a1dc8df1c66e4",140044,1176,"782456798450be96460e7ed30b7b24b8"
"Facebook","Privacy_Policy","20220908T183001",2022-09-08,19680,111400,958,435,"579b04ed845ba6154738fafebb73268f",140030,1176,"59a382598f7610ca5b398b4fc3995e67"
"Facebook","Privacy_Policy","20220909T003001",2022-09-09,19680,111400,958,435,"e4257de2860af8f8c7d7e43399831eb2",140044,1176,"3bbb3e45ad43a0ee115dad5d7d051755"
"Facebook","Privacy_Policy","20220909T063001",2022-09-09,19680,111400,958,435,"c71e986c08734d208f11a01f0cd08635",140058,1176,"c04d61a912d8de1c00cec06fd4e264df"
"Facebook","Privacy_Policy","20220909T123001",2022-09-09,19680,111400,958,435,"1e59fbc44b1aad4baaf9d707b1d20d16",140030,1176,"e2fe3fcdb297c87ad42da0a362fd1953"
"Facebook","Privacy_Policy","20220909T183001",2022-09-09,19680,111400,958,435,"b2d96e013bd8e719cc06b3a3e723e26b",140044,1176,"3e6a731c80708a1fad7e69663d459c3b"
"Facebook","Privacy_Policy","20220910T003001",2022-09-10,19680,111400,958,435,"7ae28ebfba6b40f37c7f132f0cc33635",140044,1176,"2c4429d93ea028d1948fecdb700449b1"
"Facebook","Privacy_Policy","20220910T063001",2022-09-10,19680,111400,958,435,"75a577572ce0853773d6d700c1d640e6",140044,1176,"06bd7421e3ad39a103fdf7646ec160c4"
"Facebook","Privacy_Policy","20220910T123001",2022-09-10,19680,111414,958,435,"367b3ae145210d124f3e08ca23755d8c",140044,1176,"b8ff413246b737319dc674705c414add"
"Facebook","Privacy_Policy","20220910T183001",2022-09-10,19680,111400,958,435,"2c53a740245c907830988839b849a5fb",140044,1176,"676ef7370452ba3c11316b21d9dd684a"
"Facebook","Privacy_Policy","20220911T003001",2022-09-11,19680,111400,958,435,"0e26c3053bac1af22f6f33a1548e3876",140030,1176,"5fb8d2e2e41118853c2497b9f88be740"
"Facebook","Privacy_Policy","20220911T063001",2022-09-11,19680,111400,958,435,"0e07ca48647b60a1a09067c48b65e5aa",140058,1176,"3799286e4c2b6108c06f682c6c31b8bd"
"Facebook","Privacy_Policy","20220911T123001",2022-09-11,19680,111400,958,435,"4bfbbd574d32549d4380c270c179c448",140044,1176,"12fd9b1ba9e3019ff6c038cdd814639d"
"Facebook","Privacy_Policy","20220911T183001",2022-09-11,19680,111400,958,435,"a6f6bff612cfc823d099afff01246962",140044,1176,"e45d37ab5f9bc0adc5852fa88a66c814"
"Facebook","Privacy_Policy","20220912T003001",2022-09-12,19680,111414,958,435,"07e0963e5212d461ac3ce28f2cbe6f24",140044,1176,"4545125b3c747ffaf293f066fda6e5b9"
"Facebook","Privacy_Policy","20220912T063001",2022-09-12,19680,111400,958,435,"b96af85335e8f0b408f91c99b22b70e5",140044,1176,"2e48cae2174461071c72ac711f8b5ab8"
"Facebook","Privacy_Policy","20220912T073950",2022-09-12,19680,111400,958,435,"cfc5b472511560b4aa59190f6c960d3f",140030,1176,"71934b174773f25b263aa7a941616c7b"
"Facebook","Privacy_Policy","20220912T123002",2022-09-12,19680,111400,958,435,"41d588e700b1fb844a383a9f6b9e7fc7",140044,1176,"82cfa895568dcfccbc2fcbcf9c7b301b"
"Facebook","Privacy_Policy","20220912T183001",2022-09-12,19680,111400,958,435,"0b383086030f5b16ddea6d7b78ba3a98",140044,1176,"f3348ff5be36bd9c632b7d9718272ca7"
"Facebook","Privacy_Policy","20220913T003001",2022-09-13,19680,111414,958,435,"0bbfdc81232f7a75c640f3ac5e24eae0",140044,1176,"8b8353756f48a9bd1f485d6bb0948e06"
"Facebook","Privacy_Policy","20220913T063001",2022-09-13,19680,111400,958,435,"50caf58fd5b4ccc60d3080fc46d87957",140086,1176,"869008b4e35b6adc50a2fb73c622ca20"
"Facebook","Privacy_Policy","20220913T123001",2022-09-13,19680,111414,958,435,"fff34285bc4fe25eeccc6597cfb2a1e9",140058,1176,"a59d15652eb59bed962c5bab13c0f363"
"Facebook","Privacy_Policy","20220913T183002",2022-09-13,19680,111400,958,435,"e45301e10440b1584086d92fd0c9a9db",140044,1176,"04a0cc637124556e3a151d03ed24a5fd"
"Facebook","Privacy_Policy","20220914T003001",2022-09-14,19680,111428,958,435,"106c1447b97c9465ca62a4079a091cff",140072,1176,"dd854b5603959d52307c540e83348f36"
"Facebook","Privacy_Policy","20220914T063001",2022-09-14,19680,111414,958,435,"3e78086c46064528e8b522e7ce1b3dee",140058,1176,"61153703583d6e2b7738e4924cf8ab58"
"Facebook","Privacy_Policy","20220914T123001",2022-09-14,19680,111400,958,435,"8afa3e036a7b15adbacc3a208a2682a3",140044,1176,"41df1035bfa8b798486000f732ca708b"
"Facebook","Privacy_Policy","20220914T183001",2022-09-14,19680,111400,958,435,"1a340dbd8621e9ea8642451619caee2e",140044,1176,"f953de070a635df96978f9f1ac2b463c"
"Facebook","Privacy_Policy","20220915T003001",2022-09-15,19817,111389,984,434,"5e66ce24c13f3d8ebd8083b716750cfc",134174,1202,"32f845af384176fdcd2c941ecef6a646"
"Facebook","Privacy_Policy","20220915T063001",2022-09-15,19817,111403,984,434,"592a6157b1512f73e38b9f22434e2bc4",134174,1202,"8d8f001e5d53a10111960731ac7cd0fe"
"Facebook","Privacy_Policy","20220915T104516",2022-09-15,19817,111389,984,434,"fc2ce447b40018e15c0f9817918a74dd",134174,1202,"4a4e3e8bf2ccaa7e9e989fbddf3eb5c5"
"Facebook","Privacy_Policy","20220915T123001",2022-09-15,19817,111403,984,434,"90e7032f699f45489d9470f33e4add5d",134202,1202,"e9edbdfe8c2641d86cbc07b35b490398"
"Facebook","Privacy_Policy","20220915T183001",2022-09-15,19817,111389,984,434,"afa0c91a6798792fda1cac8edda9db51",134174,1202,"5a058b962c8899343f8717365eb60259"
"Facebook","Privacy_Policy","20220916T003001",2022-09-16,19817,111403,984,434,"6b83736a5b3f5fc8b6cf791131c22af5",134174,1202,"11b092b14c475c6a9316ae0b618985d5"
"Facebook","Privacy_Policy","20220916T063001",2022-09-16,19817,111389,984,434,"f4104612b717adcedfcf8ea823fdb002",134174,1202,"43f3af6243f580585bef39a9781f07c9"
"Facebook","Privacy_Policy","20220916T123001",2022-09-16,19817,111389,984,434,"3a27767e91deb4b04f482f7115d477c7",134160,1202,"a39b877ec66fb813eb1a4b912ecb091f"
"Facebook","Privacy_Policy","20220916T183001",2022-09-16,19817,111389,984,434,"4fa3355bca8cf3cec696224267d4a4aa",134174,1202,"f1fb6f6f2a0e7c2c74e53a8b20cb1faa"
"Facebook","Privacy_Policy","20220917T003001",2022-09-17,19817,111389,984,434,"a2b0f16357c8e4493002958061ff4449",134188,1202,"315f5277d5f01874fc8f2f280c504d9e"
"Facebook","Privacy_Policy","20220917T063001",2022-09-17,19817,111389,984,434,"660c5a355645f3a1b6805163f2661e0d",134160,1202,"1d2a5edc6a43272b73762f365361f959"
"Facebook","Privacy_Policy","20220917T123002",2022-09-17,19817,111403,984,434,"204b53a0c69eae0d052a80e9e7b55369",134174,1202,"3e0802248f71ad3829e609108fb49d9e"
"Facebook","Privacy_Policy","20220917T183002",2022-09-17,19817,111389,984,434,"a8ab03a01ac44a46869d385cef5c6779",134174,1202,"1db9fd7b750bd70990a16ee5a94b3ca5"
"Facebook","Privacy_Policy","20220918T003001",2022-09-18,19817,111389,984,434,"40044cb6f16084957a3b33898ed7c813",134174,1202,"8aaaffa0baaabdfd207e531692e08ae6"
"Facebook","Privacy_Policy","20220918T063001",2022-09-18,19817,111389,984,434,"417e33c20bd28d4f8a86e9c5f5c4a9bf",134202,1202,"3308d00c4f49a03b8685042c1392294f"
"Facebook","Privacy_Policy","20220918T123001",2022-09-18,19817,111403,984,434,"a247424ad1dffe204fba2633131fc492",134188,1202,"f45155aad5f2104aaf4a167426bfd122"
"Facebook","Privacy_Policy","20220918T183002",2022-09-18,19817,111389,984,434,"f708d5a185a99e70db0a7e856617574b",134174,1202,"53fbb64435569f7247fa65078ed0bb09"
"Facebook","Privacy_Policy","20220919T003001",2022-09-19,19817,111389,984,434,"4693f10d465b56f5a6098023465851ee",134202,1202,"c4a0da003ffc88cfb7c1cd737ee4c218"
"Facebook","Privacy_Policy","20220919T063001",2022-09-19,19817,111389,984,434,"96b91b06ff21ef85c62870199ff27c9c",134160,1202,"5c989f835e96646abd00a19139c78dcd"
"Facebook","Privacy_Policy","20220919T123001",2022-09-19,19817,111389,984,434,"a4e81ad15d4bd67ff2201204e4034bfa",134202,1202,"d8ad8661260789ff8eeffc4845a6b8d5"
"Facebook","Privacy_Policy","20220919T183001",2022-09-19,19817,111389,984,434,"8202a70e07300a7f7fb0b262bf87fcb0",134174,1202,"92cf277ceaaa870ff1d3c5b378d43656"
"Facebook","Privacy_Policy","20220920T003001",2022-09-20,19817,111389,984,434,"0c076970b16d8ad8579e20d616a96c32",134174,1202,"43935169e50809350d9f670dab46f154"
"Facebook","Privacy_Policy","20220920T063001",2022-09-20,19817,111389,984,434,"42669a18596d0e14cd2de7b1bea0ae05",134174,1202,"25c85eaca15fd18314b3c8b9cf8bc546"
"Facebook","Privacy_Policy","20220920T085742",2022-09-20,19817,111389,984,434,"c3787000e4304fcaab3f3b88279205bc",134174,1202,"aee91c03b336d8557d0fecff1abb31ec"
"Facebook","Privacy_Policy","20220920T122417",2022-09-20,19817,111403,984,434,"50581e24640d900d1f5d04abfffbbc36",134188,1202,"ecb75c0062f6ea474de8097f24768b7c"
"Facebook","Privacy_Policy","20220920T123001",2022-09-20,19817,111389,984,434,"33255f4f3deb7b7c008ccfae7f289c5c",134174,1202,"71d5d03df54bb766fa2ad6e655b2e834"
"Facebook","Privacy_Policy","20220920T123034",2022-09-20,19070,105227,826,418,"5c962dd1997a33de95780c0bf1d811f2",132760,976,"84bcd368d95b81f152fdff930009b749"
"Facebook","Privacy_Policy","20221130T183008",2022-11-30,19072,105248,826,418,"3e08293c4f88c087bb2a62bb9ccece41",130900,976,"924d10864db87915712711633d452460"
"Facebook","Privacy_Policy","20221216T003022",2022-12-16,26268,145256,1612,648,"714addc41dd5e1c2d614e6712bfaea9d",179994,1837,"e22d5515ad5a94a513abfd6223599d8e"
"Facebook","Privacy_Policy","20230101T003018",2023-01-01,19054,105166,826,418,"283c1f307a8787948eec5696c329cfe0",130761,976,"995c9046fd1eb68ae9067e3767bd41fe"
"Facebook","Privacy_Policy","20230404T183024",2023-04-04,27127,149837,1622,665,"1dfd7e9bb1954cb1bf7ff57cb3a0299d",185219,1851,"628319e0ff7ef94c0b0da6f3ecdd309b"
"Facebook","Privacy_Policy","20230405T003025",2023-04-05,19834,109334,830,432,"9eb136da1975060b8c0138bdbc405c3a",135534,983,"3234fc65ad70c80063d8254fd2d06e3b"
"Facebook","Privacy_Policy","20230508T063053",2023-05-08,27088,149642,1596,664,"847feff120a11297ab11dfab9cfa0268",184958,1825,"39657d102db033d214fea3049bb9143b"
"Facebook","Privacy_Policy","20230615T183022",2023-06-15,29822,165897,1860,719,"fc87d3c9232020ea35d57dac747e8416",206846,2134,"174c5441328bb20f256471a9624597b3"
"Facebook","Privacy_Policy","20230715T003049",2023-07-15,29172,161336,1738,702,"ae84b4942827b0f7ad70edae79debf8f",197483,1854,"a82bf0d99afd78069a265dda85a44451"
"Facebook","Privacy_Policy","20230725T003056",2023-07-25,29790,164169,1738,702,"ef40b16658af030d1283d00c053291c5",200316,1854,"6d80f7dad27603a69d9a3e324df2302f"
"Facebook","Privacy_Policy","20230907T183023",2023-09-07,30828,170931,1883,736,"8facd9e7c1a9cfa36e9a911763e6c6ce",214183,2159,"2757ef13765b1d976a82fbd5172e0694"
"Facebook","Privacy_Policy","20231011T123138",2023-10-11,29830,164373,1739,705,"56b5c51a5ffcf27bbd2b5a04d4477834",200820,1855,"3fd922a4440cd1ee95ec94d6a3018f55"
"Facebook","Privacy_Policy","20231103T003145",2023-11-03,30086,166801,1845,705,"9aeacedc74eab5a9abdf6d1f33edb1ed",207521,2113,"766b90890d6f5698c9bce35f3c9560ff"
"Facebook","Privacy_Policy","20231227T183208",2023-12-27,29453,162348,1723,688,"dc14a346dc7c12da43708cc15cc4ceda",198383,1836,"873042ab0887e4de90af659dc8f13a9e"
"Facebook","Privacy_Policy","20240521T183035",2024-05-21,30086,166801,1845,705,"7af279d7bed0f29bacc8177e2609347b",207521,2113,"9ad3dc8582d78175b92e538ef8cb7eed"
"Facebook","Privacy_Policy","20240626T003035",2024-06-26,30591,169586,1860,718,"754f6db4a0080e290c80cd3bd317b634",211072,2129,"d2707a18da40d8b3bcd6f9b6043cb070"
"Facebook","Privacy_Policy","20240809T003034",2024-08-09,21570,118855,941,452,"761feb355e3ecd2187576d66ec72f2c9",146677,1103,"e30bc38fc613b06a0a6b34eb80460303"
"Facebook","Privacy_Policy","20240815T123038",2024-08-15,21574,118879,945,452,"7ab519474a3a9b91a9dbebc77b777d2c",147701,1107,"b00ca7e00a6bce386e64b0dd115c08cf"
"Facebook","Privacy_Policy","20241115T003038",2024-11-15,29568,162336,1585,710,"00592c1655c15a18134baaf18d652945",199124,1701,"5654ff234e42ac49a1289f7da7efbb29"
"Facebook","Privacy_Policy","20250222T123053",2025-02-22,29513,161940,1585,709,"46e4b4f4c4b4afdb978df9557aa0e6d4",198728,1701,"20021c65e1cd1f0f772f5bf089896b28"
"Facebook","Terms_of_Service","20220711T145804",2022-07-11,4942,27092,264,121,"66cb30a383e54484c84a879009e5838a",31506,298,"fbc86eda1d1d88b360570de67f946cf2"
"Facebook","Terms_of_Service","20220726T183014",2022-07-26,6167,34046,299,143,"3437b8bd5f1d4d08f64530ffa528543f",38776,326,"6b3db869d7033ee4ee06ac226a6f8c71"
"Facebook","Terms_of_Service","20220805T003014",2022-08-05,6167,34048,299,143,"534e5d951719eab08c8207c449c10d05",38778,326,"cc40668f13e5d9b2f59aa28167e00861"
"Facebook","Terms_of_Service","20220907T125308",2022-09-07,6167,33946,277,144,"6307074386fb51f2025f0a20f8f8239c",38086,304,"11585fda908872af5f1e074c4f559649"
"Facebook","Terms_of_Service","20221004T123016",2022-10-04,6222,34371,317,144,"53b021ebf8cb813192540fcb431887a8",39268,339,"ad915ac563672a2bd8d95db85946dab4"
"Facebook","Terms_of_Service","20221024T070651",2022-10-24,6168,33949,278,144,"0035b9b3e72ac499e242f536dae2fcaa",37674,304,"92ab0786cd7ef29e3e4d586a2ed2e40b"
"Facebook","Terms_of_Service","20230201T003020",2023-02-01,6175,34000,278,145,"645b1770228773c116e2f8335b3a11cc",37725,304,"79ef1c19477f018f2318a02844888b9a"
"Facebook","Terms_of_Service","20230307T003021",2023-03-07,5978,32843,263,138,"4109406224d967d989056af4e283b3a7",36318,290,"4833c79e24b2f6ef5c35080bd366976f"
"Facebook","Terms_of_Service","20230404T183021",2023-04-04,6000,32945,265,141,"d495704984270d97838f741fd75961e5",36476,292,"b6903c152d5bf101bf736b9ae65818f1"
"Facebook","Terms_of_Service","20230425T123021",2023-04-25,6000,32948,265,141,"4ad84c044f73784bea7591b9bab99f9f",36479,292,"da21a0f066699a3b2a06f30ad3eff65f"
"Facebook","Terms_of_Service","20230512T072751",2023-05-12,6001,32950,265,141,"19ce3cf01a3cfa2405fb8d46a104b048",36481,292,"4e78ae4bab1920eb99e158ac35e4dfa1"
"Facebook","Terms_of_Service","20230705T183016",2023-07-05,6225,34286,267,150,"7bd7c400e35ab2017d206474bcaf1a21",37776,294,"5f6821c172ebf397422ac0369ea21e8a"
"Facebook","Terms_of_Service","20230823T123123",2023-08-23,6298,34643,274,152,"df533573b79f5a8b5d07bc0061d11f79",38185,301,"65a07f2c8277028d128d4bb561e3c4ae"
"Facebook","Terms_of_Service","20230922T003107",2023-09-22,6307,34679,274,152,"4bf1048064ba45e886fdd4f83a495b42",38221,301,"b562b455800882e2e6e8f6225572adae"
"Facebook","Terms_of_Service","20231020T123142",2023-10-20,6511,35980,277,156,"3bb868a893a5a35257329f813b497ff6",40150,300,"2478d2fd128dd6a62006b39feb334aca"
"Facebook","Terms_of_Service","20231103T183018",2023-11-03,6534,36086,279,159,"66adba937ab1505a031cb6b599288f05",40313,302,"6dc016f31a8b255acf525450ef37fcb7"
"Facebook","Terms_of_Service","20240112T183016",2024-01-12,6294,34756,279,147,"3bfa709b71ff144a4106e7069c2e7e57",38968,301,"a8d6d3c85f4e837b2230c27f73379004"
"Facebook","Terms_of_Service","20240222T123103",2024-02-22,6300,34727,282,144,"e141e1f451e12e50063f439f7ca15415",38978,304,"71ef74b1218166b1ef4b18f9556c9cd1"
"Facebook","Terms_of_Service","20241023T003032",2024-10-23,6325,34844,284,147,"2df840b8ef94fafcc68c2c1acb33de56",39312,308,"7acbc7bf919b7ed3a229028caa4b77b0"
"Facebook","Terms_of_Service","20250224T123059",2025-02-24,5587,29943,243,154,"38d865a1aaa97d284ca9249c520e498d",30916,264,"bde0d42365d3bafe82c4751c9fa93fff"
"Instagram","Community_Guidelines","20220711T145905",2022-07-11,1703,9598,76,72,"3b4b8c9d5cd8ec83d01a26dad8c35d65",15224,78,"36003b65416853c01433b7290d55bfd1"
"Instagram","Community_Guidelines","20221102T071744",2022-11-02,21545,123641,1586,420,"28b09929accb4809cc0a0d5132b7aa92",128156,1562,"03f47b6155766a549a5ea12cdcccf087"
"Instagram","Community_Guidelines","20221123T183138",2022-11-23,21852,125258,1581,424,"2836f43c2b1826ca8812b1beecf7ceba",129954,1557,"712fd55101833f61ca144467378d286a"
"Instagram","Community_Guidelines","20221124T003128",2022-11-24,21852,125259,1581,424,"9ed3414fdcccc9c22e2425d5a9544c63",129955,1557,"334179b1cc83606e62d665e9bcf201dc"
"Instagram","Community_Guidelines","20221209T003126",2022-12-09,21783,124870,1577,421,"145e51e6cc7cd46f025aba0c290628a4",129500,1553,"34b58e0d69927628dcb53733be00992d"
"Instagram","Community_Guidelines","20221223T183132",2022-12-23,21923,125680,1588,424,"fe0f180387f4718a9281de0342ac8018",130296,1564,"31457cfbc89b45c6519a4d1935aae63b"
"Instagram","Community_Guidelines","20230106T003128",2023-01-06,21922,125679,1588,424,"b81cecce8902f577751368e845d457d2",130295,1564,"56a8cbf2be9c466de91dcc843f1328b4"
"Instagram","Community_Guidelines","20230129T183129",2023-01-29,21936,125762,1588,424,"85719afbefa07fd45cb84054f4c30f45",130378,1564,"12bbb0d7b4d2f92afc4fd3089990a555"
"Instagram","Community_Guidelines","20230131T123126",2023-01-31,21949,125820,1588,425,"417d354d450f45a83766fa6866ed7d28",130670,1564,"d4ecada668c90780866b59755be0b577"
"Instagram","Community_Guidelines","20230310T003129",2023-03-10,21951,125826,1588,426,"6d88ebaa2fce1563ed52279b24418dc4",130598,1564,"22e14e36dd885c4ddbc64ea2ac7d52b8"
"Instagram","Community_Guidelines","20230329T063206",2023-03-29,17807,103294,1339,289,"f209b1e7d9c6df32950878b6997af2c4",105271,1317,"5bd57739e7d7c0613638ef3058d900f2"
"Instagram","Community_Guidelines","20230329T071722",2023-03-29,19510,112893,1416,360,"f21e4b09da29fb1680b795f9c69c96b4",118545,1396,"0e7c7f3d38d8bb96fad970eade7746a2"
"Instagram","Community_Guidelines","20230330T183131",2023-03-30,19547,113121,1416,361,"110e7bf694cae9569f6fcd98bf865e54",118773,1396,"50811016fdc40b631a5c4f08dd7bcc3e"
"Instagram","Community_Guidelines","20230427T183132",2023-04-27,19684,113900,1418,364,"f06905e32c3770bb47d7d9f9b66da7dd",119629,1398,"9cbfeb3982e920ffd43a08b90c708b42"
"Instagram","Community_Guidelines","20230516T183133",2023-05-16,19682,113891,1418,364,"891677e13b170310448686a4a98026db",119620,1398,"64e24540907751e5ce3c52aefaea7650"
"Instagram","Community_Guidelines","20230525T183130",2023-05-25,19734,114196,1418,365,"fa23796f6d01757b95592094a0d9b420",119925,1398,"7d13a48da7d3d8a57c09f26b2fd5e538"
"Instagram","Community_Guidelines","20230629T183147",2023-06-29,19525,113110,1389,362,"8e1650d13506d08c9c63181fa79bc8c9",118944,1375,"0fa8327699494b8c1fdf43378aa03ee9"
"Instagram","Community_Guidelines","20230730T183144",2023-07-30,19538,113177,1390,361,"0532f49d52468af09e1794fbc58fc587",119009,1376,"b74c869c13295a24024eef254c6090ea"
"Instagram","Community_Guidelines","20230802T183146",2023-08-02,19714,114149,1392,361,"8945ebfb0b8f480b497bd4f34b57b5d1",119985,1378,"11f60d88c894e3f493c6ec17a2b8ac48"
"Instagram","Community_Guidelines","20230805T123217",2023-08-05,19735,114262,1390,362,"cdb65fab827274220ed4fa547cb3c4d4",120098,1376,"52ecd5f7505ab9defd5024681677cf09"
"Instagram","Community_Guidelines","20230830T183142",2023-08-30,19927,115406,1407,370,"2961930615f6f491a129bff055613530",121238,1393,"af6c0211a5469a9069f68913c6836553"
"Instagram","Community_Guidelines","20230901T003305",2023-09-01,19931,115432,1407,370,"1e63e0f6bb5a2de70be2fae8a2a2cfeb",121264,1393,"06864b398fe632bce6d3c66c9e5c3cae"
"Instagram","Community_Guidelines","20230922T183152",2023-09-22,19961,115568,1407,370,"f06e60096b25a304becf7afff138f568",121400,1393,"cd91766643708c4a086d403af621b9a7"
"Instagram","Community_Guidelines","20230928T183149",2023-09-28,19969,115615,1407,370,"2d4a134e626c7b254c8da4129ba74f1c",121447,1393,"0752e858176292ed92c0e2a99e490a6a"
"Instagram","Community_Guidelines","20231011T123305",2023-10-11,19976,115663,1411,369,"1b3efaaa1554724883e72d85465c52c5",121491,1397,"89ea252472b2fdeeefb488c457d7e07f"
"Instagram","Community_Guidelines","20231017T183152",2023-10-17,19985,115701,1407,369,"d5c4e0f25946d871ab86f3adf17edd07",121535,1393,"9c32f24282b456c69bcbfedec5fc5fb6"
"Instagram","Community_Guidelines","20231127T183154",2023-11-27,20115,116513,1408,370,"1f36916b8cf83a97c2875bc1a4b3f659",122109,1394,"54376d379b0ee9501a8a3242bd30dcd0"
"Instagram","Community_Guidelines","20231130T003425",2023-11-30,20275,117350,1417,373,"ad431a6944fab104920e6444eca189f9",122942,1403,"e399939410a7f04a8f06e5fa32458674"
"Instagram","Community_Guidelines","20231130T063314",2023-11-30,20307,117529,1417,374,"bd385b5f283f89c00ae6582a24e48b12",123123,1403,"2ccca72035456b33e7d2bb5a85b2a885"
"Instagram","Community_Guidelines","20231205T183150",2023-12-05,19958,115339,1418,369,"0722e44fbef6942a3acc92f298b4b0c3",121005,1388,"79bc3e4348d0074589c8fc4d096f3358"
"Instagram","Community_Guidelines","20231230T123305",2023-12-30,19615,113335,1410,353,"60db4ab2a36c9594ef8d7a191d14250c",118867,1371,"9629c8ec613d63bb8c7b3ff7517bcbf2"
"Instagram","Community_Guidelines","20240111T123256",2024-01-11,19611,113347,1408,353,"355e777e571cbff24aaee04ae633f633",118881,1369,"ec5ef0267596f6c235cafc768562651e"
"Instagram","Community_Guidelines","20240112T003300",2024-01-12,19585,113313,1408,339,"83d4b2b1bec4abe140011b5147607153",118849,1369,"48f5a4a9e60ef0e259a234132f4b6a21"
"Instagram","Community_Guidelines","20240119T183141",2024-01-19,19600,113395,1408,339,"4e05170453e139ae47038ac979eb8106",118931,1369,"290c5a7c41c32b4d89896b686670a50a"
"Instagram","Community_Guidelines","20240125T183144",2024-01-25,19591,113372,1408,339,"d3eef122e5f4aecf416f570a3730ea47",118908,1369,"948bcca144efdaddee1820410cdd2f2a"
"Instagram","Community_Guidelines","20240201T183144",2024-02-01,19589,113361,1406,339,"9122f4dcc256344df9ffb0a58350ee8c",118897,1367,"e0112b37ebe39fb9ff42eba9784d1731"
"Instagram","Community_Guidelines","20240208T183145",2024-02-08,19857,114904,1423,351,"0cb8dd59b155a1d592d0f39708201e6a",120456,1384,"39715708b21538e627f0213b6e5feaed"
"Instagram","Community_Guidelines","20240215T183143",2024-02-15,19858,114905,1423,351,"da9c8bd55379b508769fb86f11df680a",120457,1384,"4ceae5f1bf70d5e47f8381cfe9ff9f38"
"Instagram","Community_Guidelines","20240216T063314",2024-02-16,24665,142319,1756,421,"b59605ae27c18fc453535df1cefe086a",146291,1662,"818ac21af907255eef15b236eb1fef7d"
"Instagram","Community_Guidelines","20240226T183225",2024-02-26,19859,114912,1423,351,"4557ad785f3f1d5dec2e663ce5eba644",120464,1384,"dfc0e3985e35993c88433e65030449a1"
"Instagram","Community_Guidelines","20240308T003220",2024-03-08,19922,115286,1427,352,"2bf90f4382da370e580032d10d9d5af1",120838,1388,"3afe16b7d036f84329b61b94ad2bc948"
"Instagram","Community_Guidelines","20240328T123156",2024-03-28,19941,115390,1428,352,"3cf8a56c5a279567ed3d7953d0001a89",120940,1389,"ce54c8011f407f7897dedda2b0c49668"
"Instagram","Community_Guidelines","20240918T003155",2024-09-18,24660,142293,1755,421,"dd75dc2191587142678ba4c8a38fdbd7",146287,1661,"e4a6f5c913ac6252b376d43e486141c6"
"Instagram","Community_Guidelines","20241002T123200",2024-10-02,24988,144209,1780,423,"cd8e83c085335a80ed8958facc91f17b",147992,1686,"9710f8ee18b2161f186d80cf0bee7281"
"Instagram","Community_Guidelines","20241003T003158",2024-10-03,24990,144193,1780,423,"cf3c41e8ecae4200bc0c17455a487849",147976,1686,"e44be0ed3313cfae56dfa2d37b0a9a94"
"Instagram","Community_Guidelines","20241004T003157",2024-10-04,24991,144192,1780,423,"131e1b47fc98bd694ef4f9b581e54b50",147975,1686,"f33018d32a15d4f45ad84b0de58dfc5c"
"Instagram","Community_Guidelines","20241005T003157",2024-10-05,24990,144189,1780,424,"9386bc73e88b9defd2a5f247d381cc8e",147972,1686,"1a20b4912f081a3a1691c927491faa48"
"Instagram","Community_Guidelines","20241010T003156",2024-10-10,25024,144367,1786,424,"217f4d3b1ac8a916fe52a1bf2764013c",148136,1692,"c9e90793b4352ed4eddca85d5851459f"
"Instagram","Community_Guidelines","20241022T003156",2024-10-22,25088,144706,1788,427,"f5d9d66b814f248006215ea8510c972b",148538,1694,"07864b7f229ffd8a605fa7e2e17821a6"
"Instagram","Community_Guidelines","20241112T123204",2024-11-12,25090,144708,1788,427,"e07b1d60be7df38cf1205867cce04ad5",148596,1694,"f6f791a31da469a672792a3db7ec7d1b"
"Instagram","Community_Guidelines","20241209T003202",2024-12-09,24077,139440,1783,378,"0ee1557025b4e371185ea9cdec7a2690",143528,1692,"d52777a7cb1d32473a58a8c7ed4dc4d5"
"Instagram","Community_Guidelines","20241227T003216",2024-12-27,24130,139764,1783,378,"326855434a5bbd0ace24634e8413d440",143852,1692,"cc53e739e907bd4fffed81b0c1ad118d"
"Instagram","Community_Guidelines","20250107T123213",2025-01-07,23678,137339,1727,380,"262e88b4c463a50b088179531e874d04",141493,1640,"fd9544f43b18d39c73f3ade57d0978f6"
"Instagram","Community_Guidelines","20250123T003214",2025-01-23,23678,137339,1727,380,"29805551651ab8209dc7d074569513d4",141493,1640,"226c667309e9f7fc4105b58c4bfcb30f"
"Instagram","Community_Guidelines","20250227T003237",2025-02-27,24046,139346,1749,393,"390149d6a15b7a2e424d774ead16b90d",143468,1660,"a35605380fdd83c8c90f8c0bace08e55"
"Instagram","Community_Guidelines","20250228T003224",2025-02-28,24077,139489,1755,394,"2a9d40b92cdc1ab24e305c3e5411ec5d",143615,1666,"611e76439027ab4dfd48544fd5f8040b"
"Instagram","Privacy_Policy","20230628T183110",2023-06-28,29554,163503,1990,712,"dd798c4d569bd8c1ad031b4bef061ebf",204512,2328,"0c759433bd1dd85e8376a12d527c4965"
"Instagram","Privacy_Policy","20230725T003141",2023-07-25,30172,166336,1990,712,"8080a8ad9fa05760a8f68e34a4065fb7",207345,2328,"320215261b1333c1c65e9f0391bd3641"
"Instagram","Privacy_Policy","20230907T183106",2023-09-07,30562,168545,2017,729,"d945024ea5e053e0fe3e638f1ea646d4",211857,2357,"d6b9ce36272e86a702259589c6597e59"
"Instagram","Privacy_Policy","20231011T123226",2023-10-11,30212,166540,1991,715,"60c5f68362ec753493cbfd4dff6a48a5",207849,2329,"de62500a033cfc8432ed1b341c1edada"
"Instagram","Privacy_Policy","20231103T003230",2023-11-03,29815,164395,1969,698,"98bbf39628ce2d6344fe32c432f898d5",205175,2301,"09ae4ce7c2b2b6573f16143bc5456910"
"Instagram","Privacy_Policy","20231227T183253",2023-12-27,29815,164395,1969,698,"5233f6ede88fb9b497129f0870be80a9",205175,2301,"85df408776490d63cff2cd4ad71affeb"
"Instagram","Privacy_Policy","20240416T213429",2024-04-16,727,4819,309,18,"145cfb42ea4f9501613771965c141170",9503,464,"ec4d8f3fed7e46ac0d237878a3bc7ca6"
"Instagram","Privacy_Policy","20240417T003406",2024-04-17,5107,27937,226,167,"e154b5f10cecfad87aa62ab72733f75c",33688,299,"16666f54436f6dc3c75444ca2e3fa403"
"Instagram","Privacy_Policy","20240816T123114",2024-08-16,14700,82080,373,260,"8902a54464651f44beda4b169bc3c046",106151,481,"02e3ee2de7889a0280d098f4255bf39b"
"Instagram","Privacy_Policy","20241115T003118",2024-11-15,14938,83329,375,262,"be482ead6ae30816440bcc714172fd3c",107993,486,"54b33305bcc66fbd8207452536de620e"
"Instagram","Privacy_Policy","20241215T003132",2024-12-15,14925,83263,375,261,"69f3ef72f827172736bc71b6b4b5c6e0",107927,486,"f1cffb16a3e2908e2b9a5301389eb6e7"
"Instagram","Privacy_Policy","20250118T003141",2025-01-18,14929,83291,375,261,"64d670ecd9d8b410fb05e144f2c2b667",107955,486,"e0911cf4a6bf30a4b14071a84530b686"
"Instagram","Privacy_Policy","20250218T123139",2025-02-18,14948,83380,375,263,"bc70ccb816dbcde8d86646b3bf648203",108043,486,"db27ec68efa5d6d2ccf136812f428ab4"
"Instagram","Terms_of_Service","20220711T145837",2022-07-11,4414,23906,184,127,"8cf5cf01315450c3072891f75e83df1f",29398,199,"6976ca67f7af2f6ac26675ca5754e342"
"Instagram","Terms_of_Service","20220726T183048",2022-07-26,4444,24070,188,128,"0cb9f77ec00c6deaf5d8747053c8b3ab",29396,202,"a5b507af667d6480bc353734aac0d530"
"Instagram","Terms_of_Service","20220829T183118",2022-08-29,4443,24067,188,128,"3f00d68e3121a77a66a525273af7636b",29316,202,"6784a4d19b9d4e1c47b514bf1739f7f2"
"Instagram","Terms_of_Service","20220831T003117",2022-08-31,4437,24043,188,128,"a323da95143b9562d2f0267523482d4b",29294,202,"7fe184f010a51bd7a68754b08c035600"
"Instagram","Terms_of_Service","20221014T183123",2022-10-14,4247,22916,175,122,"256f9c710a00f002e6a1ee460c200d21",25505,190,"ccb3b4fdd51fc3d07c0b0e7b0013238b"
"Instagram","Terms_of_Service","20221102T071723",2022-11-02,4278,23083,174,123,"06c8e7e60a6b162c62862ce07330f955",25743,189,"6ac2ae6e88f05cb6256fce99ab3ae638"
"Instagram","Terms_of_Service","20230406T003106",2023-04-06,4300,23185,176,126,"c9258ef4514f802c747077b1f900cfc9",23358,191,"4132b06618d3a0d10b0ce6f5a1a48995"
"Instagram","Terms_of_Service","20230425T123106",2023-04-25,4300,23193,176,126,"96139bb289cabf7d93da07f81d1a2be1",23366,191,"988399efa62dd81a3125bec87a830389"
"Instagram","Terms_of_Service","20230516T123107",2023-05-16,4301,23195,176,126,"fb9d44ce748a9716f4e23b2342f6e335",23368,191,"2ffb811ee01354eb3f7d5d721dca6c81"
"Instagram","Terms_of_Service","20230705T183051",2023-07-05,4772,25785,187,140,"f6bc74040c86e89e56626936e46f3953",25965,195,"c8a0027013f187eca1b702a256c42426"
"Instagram","Terms_of_Service","20230823T123158",2023-08-23,4845,26138,194,142,"340f49d860bd768fbfc594f35c0c5768",26318,202,"e06f0b867042a5e526e85cbd6bb2c75a"
"Instagram","Terms_of_Service","20231020T123221",2023-10-20,4928,26740,187,144,"24794950a3ba15f857f38d9905029817",26922,195,"0e4ebf67d66920fa1236d76073868e98"
"Instagram","Terms_of_Service","20231103T183058",2023-11-03,4951,26842,189,147,"10d656852d21bf9f4ab713dbf90b7c46",27028,197,"14c8a78da08829e9d0d394fcc310876f"
"Instagram","Terms_of_Service","20240112T183053",2024-01-12,4691,25435,188,133,"5033d1bb12656398debcf30743dac570",25600,195,"3a00853a110c768fd883ba607b118916"
"Instagram","Terms_of_Service","20240126T183047",2024-01-26,4691,25435,188,133,"79183a7054ac41cc992789e37d453b19",25600,195,"7b491c7d0da186e46dcf00b80a1b5e7f"
"Instagram","Terms_of_Service","20240201T183050",2024-02-01,4765,25796,192,139,"72b7b9828dc327b08553889bd5648be2",25961,199,"61c3ffa0b39fb4e43ed533e956c0579d"
"Instagram","Terms_of_Service","20240227T183048",2024-02-27,4782,25869,192,140,"42ad7830623efe37c4348f66c18478b2",26034,199,"159f4c0e605bd30b742b854665b84353"
"Instagram","Terms_of_Service","20240308T003119",2024-03-08,4765,25666,186,135,"e877ed1202fd181a5ddf8e6c9ce6023a",25847,193,"dd36ff6618a6efcb8fc12b2698c7a7ad"
"Instagram","Terms_of_Service","20241022T003101",2024-10-22,4789,25783,188,137,"2ff701a317b12b9cf74d2262a6f818be",26235,203,"a71a57cd0b63c4010454235f1fea92c0"
"Instagram","Terms_of_Service","20241112T123106",2024-11-12,4797,25791,188,137,"0924f20764901b3427b9aa4e952ccd3e",26251,203,"1034961bb6f7fb87aefdef55bdb543b4"
"Instagram","Terms_of_Service","20250103T003116",2025-01-03,5086,27442,203,148,"cfc59a9704c8183b80f5376322dd58c4",27913,217,"e048e16bf0e2781bf85da1213d641dd7"
"LINE","Community_Guidelines","20240418T003620",2024-04-18,2250,12360,234,61,"f58a0a193b4331d4d67832aa7629013d",13313,236,"d3201171a9a90fc596375152d98a7e5a"
"LINE","Privacy_Policy","20220711T145928",2022-07-11,9387,51353,503,229,"653dc690dc072fac7c1ffc9de48526f5",54716,539,"67198984e52569c43279f77184a774f4"
"LINE","Privacy_Policy","20230628T183200",2023-06-28,9379,51279,502,228,"476048faa42bd7a3104e7de6e22f8dd3",54952,542,"ce3ce0de868e75965f917279aa8e9c2a"
"LINE","Privacy_Policy","20230901T063222",2023-09-01,9387,51309,501,228,"6bd33c10b9b9da8270cd06abd2e288a3",54976,541,"4f08f805d46f9c38e3e46895301b1f60"
"LINE","Privacy_Policy","20230930T183157",2023-09-30,9113,50009,490,230,"824436447c4d578a4cd73f254fb417e5",53964,526,"a5237e4e7e02921453337a16600e324b"
"LINE","Privacy_Policy","20240417T221852",2024-04-17,9108,50288,521,212,"e7ecc039d8004236f961e2bd04aaac31",53528,538,"3a4b9cd360b41700b7d50d84bb694539"
"LINE","Privacy_Policy","20240821T123215",2024-08-21,9182,50648,536,222,"c123424f22197c5d686efe65460361c1",54080,553,"48d4833ae7e94e18ea84fdfd2099b993"
"LINE","Privacy_Policy","20240902T123216",2024-09-02,9166,50593,536,221,"a524762ae537499db9ffab770832f81c",54025,553,"1952d5404262fe88a1fd5c5af56a0f91"
"LINE","Privacy_Policy","20241112T123216",2024-11-12,9186,50683,536,222,"e3061977d52871f62db5fff48b5224cb",54110,553,"b3ec034a69d7a672aecb69bce14f880d"
"LINE","Terms_of_Service","20220711T145924",2022-07-11,3941,20782,203,158,"60e0e55502b9c8f4f1d04a3060f12185",21216,286,"0a2090092b02b7d4921e979657b07214"
"LINE","Terms_of_Service","20221102T072146",2022-11-02,3942,20886,203,158,"6513589082ebc94b3993556b656564a9",21169,204,"06a7400de83ff1a38066e5be11cac039"
"LINE","Terms_of_Service","20230928T063319",2023-09-28,3987,21113,205,160,"d3942dc7b581b4bbd1e28c200c81dcef",21451,206,"0f28b17f7a52de571e4603a9b0bd7aed"
"LINE","Terms_of_Service","20231002T063249",2023-10-02,6178,32269,357,232,"85ac60f3ac60827785fc10f7a991803f",33575,535,"233f2871c2e03f125e2ff151ada5d71b"
"LINE","Terms_of_Service","20240216T063314",2024-02-16,6609,34557,401,244,"187069aab727329aabe80f966007e9dd",35548,568,"ffde8ca1782a5f375fe27e1c6e28c1fd"
"LINE","Terms_of_Service","20250203T123221",2025-02-03,6634,34684,407,245,"c93d6d6e8dae681ecfc246b3ef5d6005",35787,576,"66c4e8cdbeea20213efde5a4df77edc8"
"LinkedIn","Community_Guidelines","20220711T145936",2022-07-11,1841,10813,93,89,"b57e2bbd9a3e1337fe05b44f7701814c",12200,100,"44df63b777869fdb7e63f73354485f7e"
"LinkedIn","Community_Guidelines","20220909T003222",2022-09-09,1842,10828,93,89,"d8bdece60845c47bb388bb95e0be96db",12215,100,"610b1a0c2470fbd76ffbb91f0ddb70fd"
"LinkedIn","Community_Guidelines","20220909T183222",2022-09-09,1842,10829,93,89,"086f1476b5b99594b483af5416f6bfeb",12216,100,"0692b389e55002cfedcfb8bcb8e22767"
"LinkedIn","Community_Guidelines","20221102T173051",2022-11-02,4909,29214,415,145,"3f3386256d4e14e97ed1135207eb841f",31618,384,"424a8a44bcb3b303eed57a1ea190b22c"
"LinkedIn","Community_Guidelines","20221102T183212",2022-11-02,4909,29214,415,145,"9c4018bd22a0b5494949a85d38a31ec5",31618,384,"788941824563ceac59b5049b499b7de1"
"LinkedIn","Community_Guidelines","20221103T003217",2022-11-03,4842,28792,405,145,"f700b21fc00326d0b8c48268d9a31d37",31198,378,"9897cfe68b139944a6aaedb285856d45"
"LinkedIn","Community_Guidelines","20221104T003218",2022-11-04,4842,28794,405,145,"7916f02e8ad4db18fc3d6d12cd128468",31200,378,"c98faecf03e1c9a2fb8744dcc3aff826"
"LinkedIn","Community_Guidelines","20221105T003236",2022-11-05,4842,28794,405,145,"afa9a7d11c007aa4b25e23cb2f8af781",31200,378,"38de5af5397bae80cbb95ee8b36d3477"
"LinkedIn","Community_Guidelines","20221106T003233",2022-11-06,4842,28794,405,145,"c78d0c38ae3b4fe8526637a37665bf79",31200,378,"47873a488f3ce1576a0f9528793fc139"
"LinkedIn","Community_Guidelines","20221107T003235",2022-11-07,4842,28794,405,145,"74405686e7e1202b39ba0fe0ed18c26a",31200,378,"f63afa668e237b754bdd2a41523fd499"
"LinkedIn","Community_Guidelines","20221108T003214",2022-11-08,4842,28794,405,145,"cfe0ff141682d63948b90c30817cb4dc",31200,378,"cdc4e6856ae0021fad4e7134dab395bd"
"LinkedIn","Community_Guidelines","20221109T003218",2022-11-09,4842,28794,405,145,"b74ecb818d4718976a8c6fa322698cdd",31200,378,"5249ceca32ee86ba90f0088899733790"
"LinkedIn","Community_Guidelines","20221110T003215",2022-11-10,4842,28794,405,145,"3781a0ee62eddf07ad8a138a57807fdd",31200,378,"5625d29f62f2be312acf52f2fb610439"
"LinkedIn","Community_Guidelines","20221110T110707",2022-11-10,4710,28182,361,144,"a28b17bec44d17b1aec45e193eb57d17",30588,334,"d7e875a1065453e0bbc2cd7c27c704f0"
"LinkedIn","Community_Guidelines","20221123T003226",2022-11-23,4710,28217,352,144,"15a9cb9de53c1e988362d27cb6b0c861",30607,337,"73b897713271d951cd382721933e026e"
"LinkedIn","Community_Guidelines","20221123T063228",2022-11-23,4710,28193,372,144,"cd6d6a76f33b8aab06242c57e5d0db4e",30609,347,"19180ebaec6700fbf70c4fe5e6d0f3be"
"LinkedIn","Community_Guidelines","20221123T100038",2022-11-23,4710,28184,363,144,"5a4c6686cd2f26fe4526163565e6a000",30559,337,"cbc1e79cd1dcb1e15f9b4704ea816b35"
"LinkedIn","Community_Guidelines","20221123T183236",2022-11-23,4710,28191,370,144,"d4d9fc34f88c5cd4b3fbb97f4f6bd939",30594,344,"5fdecfc3f27d185af6f031eadb94a3aa"
"LinkedIn","Community_Guidelines","20221124T063245",2022-11-24,4710,28328,347,144,"0048873f821f7b310671fa8cdc2b92c0",30912,374,"ee01ad4614400fd05420f70d3608cd7a"
"LinkedIn","Community_Guidelines","20221125T003225",2022-11-25,4710,28200,367,144,"27add1aade2447b36a95818f20259e4a",30616,346,"e0bdeb8900770cab376842a8dbba9162"
"LinkedIn","Community_Guidelines","20221125T063246",2022-11-25,4710,28231,354,144,"f83edd2824ef5c8920eaf1deb73610f4",30660,346,"11079f47a4e0911a83a26a35e7aaea0a"
"LinkedIn","Community_Guidelines","20221125T183222",2022-11-25,4710,28186,365,144,"bb98bbadcaeb9472b9a3663537338910",30569,339,"fac2d94a3e6ad7c24e28660bdab56e26"
"LinkedIn","Community_Guidelines","20221126T123249",2022-11-26,4710,28233,356,144,"6c6ed34a346a36181ae7ce871e93aa03",30670,348,"6c478221bfd5d5bd7f519d07ad0a059f"
"LinkedIn","Community_Guidelines","20221127T003234",2022-11-27,4710,28239,350,144,"43e3c57acc8b8532d4e1b4b55d4f106a",30672,346,"0806ce946b69ced4ed3314065534372f"
"LinkedIn","Community_Guidelines","20221127T123222",2022-11-27,4710,28222,353,144,"cd52fc440631205bc12dc6cf57aea230",30631,341,"4dd836868c8edccb3c912c9f5adcc8fd"
"LinkedIn","Community_Guidelines","20221127T183244",2022-11-27,4710,28275,350,144,"0695e7f15d0962022cb1ab8cc7483e5d",30767,357,"da3d003a401701a936621ae3929e62c5"
"LinkedIn","Community_Guidelines","20221128T123238",2022-11-28,4710,28241,352,144,"a96c0501aab48b8f913052f187405ad9",30687,349,"a6e3e517003a512322526145b82c2e13"
"LinkedIn","Community_Guidelines","20221129T003224",2022-11-29,4710,28276,363,144,"b576a2f25065fd340be93ebd6a78cc9e",30809,367,"0f353ec95ea848e7da17dd8e2de15e41"
"LinkedIn","Community_Guidelines","20221129T183244",2022-11-29,4710,28228,351,144,"67281f4e084bdb0c5db1a1edb3b8352a",30640,342,"a82f90ada576d41262f90f523db34d4d"
"LinkedIn","Community_Guidelines","20221130T063232",2022-11-30,4710,28278,345,144,"b29016b4950e91d8019b3ccd699ee5d9",30760,354,"b10d8762e35d2a528d79871dd9a8b92d"
"LinkedIn","Community_Guidelines","20221130T123230",2022-11-30,4710,28279,354,144,"1cc332877790b83ebf9d21cdd21eaabf",30792,362,"4539387c36b5f48688e7072b096f70bd"
"LinkedIn","Community_Guidelines","20221130T183226",2022-11-30,4710,28291,354,144,"3bcb5cf0f0fcdd8c5c7a8e6752e897b9",30834,368,"40080f85f3f567caa0cbd2e77c5fa1ea"
"LinkedIn","Community_Guidelines","20221201T003226",2022-12-01,4710,28207,386,144,"e35705142236bb3cf2040505df5d1e31",30689,363,"2e3450131fc6d8dc03e5f8a8d0f5ec6d"
"LinkedIn","Community_Guidelines","20221201T063227",2022-12-01,4710,28314,345,144,"eb9458bd2519005e3d21f473cd3c5aa4",30855,365,"3cdeb852ba36d7cfe7429b5985af6ec3"
"LinkedIn","Community_Guidelines","20221201T101318",2022-12-01,4710,28256,375,144,"8a136531d96edd9136e029f6c05ce75a",30798,372,"3f1470e2ce428b44260757a7b6e59ba2"
"LinkedIn","Community_Guidelines","20221201T123212",2022-12-01,4710,28204,371,144,"8265ef83e42d3866d25a9b69518746f6",30646,352,"baef09e290571e62ac54a4e20118643c"
"LinkedIn","Community_Guidelines","20221201T183236",2022-12-01,4710,28282,361,144,"c078638e0fa27916867939dc5294b51a",30818,368,"a652a173a66a020cdb05e789c21224db"
"LinkedIn","Community_Guidelines","20221202T003222",2022-12-02,4710,28325,344,144,"59ee24a1229d6329cbeb35176e69c785",30887,369,"00714162b1acf88aa4d33cfdc1ad0438"
"LinkedIn","Community_Guidelines","20221202T063226",2022-12-02,4710,28281,360,144,"a93293c83883eb0d66b13e95a9ebd8fa",30813,367,"04acb50568e9f51f3afec470caad4c58"
"LinkedIn","Community_Guidelines","20221202T123228",2022-12-02,4710,28251,362,144,"d583cc4ea7e1d8198624ff1c3e588f9f",30747,361,"a6d869705386805f2d1c10fd79274567"
"LinkedIn","Community_Guidelines","20221202T183243",2022-12-02,4710,28321,352,144,"42fb54c73e31f070b259c7d4c59bbd42",30895,373,"8737f8f69b257b38f85c56aa811e7c19"
"LinkedIn","Community_Guidelines","20221203T003224",2022-12-03,4710,28247,378,144,"ec22ec47b8cbb9167f541db844aa3908",30781,371,"fffc1f368553a441a4ae583875f1001a"
"LinkedIn","Community_Guidelines","20221203T063235",2022-12-03,4710,28344,363,144,"288c0cd346ee20801ce3fbaa2c8a4e0a",31002,392,"61616f9e18596cc693a548b9ef9b8bf3"
"LinkedIn","Community_Guidelines","20221203T123233",2022-12-03,4710,28335,354,144,"4256abb2ded272ab50ba7fc51a17f3ae",30947,381,"47c4fa57e56319e35fb0b02033240051"
"LinkedIn","Community_Guidelines","20221203T183219",2022-12-03,4710,28215,382,144,"5744d740a3d04c4f50116691e92da5f9",30706,364,"45767faae404de769c73e83f26624ad5"
"LinkedIn","Community_Guidelines","20221204T003226",2022-12-04,4710,28282,357,144,"7387db5e26c40f0609e47c4b05beea2f",30812,366,"9ec2fb54f64f6cdbb59b3962fef918f3"
"LinkedIn","Community_Guidelines","20221204T063236",2022-12-04,4710,28254,377,144,"ed34ba8305858ff9a9acb3053dc2318c",30795,373,"1f169a6929e14dcef06ab40b12e7ed10"
"LinkedIn","Community_Guidelines","20221204T123225",2022-12-04,4710,28246,369,144,"23046ae476f4d853dad6487614824eda",30750,364,"10625c3fbf807ae1ed98a54089e09048"
"LinkedIn","Community_Guidelines","20221204T183226",2022-12-04,4710,28284,359,144,"0df043720a263f1911dfb3c0f3cf03ac",30816,366,"fac2cf278e35193a015f69ade0aeabfe"
"LinkedIn","Community_Guidelines","20221205T003224",2022-12-05,4710,28249,368,144,"796ad920905d8cce2560071bf78b9d72",30758,364,"3cf42d150dc58406c26602824ca0148d"
"LinkedIn","Community_Guidelines","20221205T063231",2022-12-05,4710,28283,350,144,"86caae9e712dc8109a3a1e051eeb6d49",30785,359,"b289262d25a8ec7bb45b7d942b89066e"
"LinkedIn","Community_Guidelines","20221205T093919",2022-12-05,4710,28278,357,144,"6f6861ac7acfa3d3bf0fb1a3703bb0b9",30793,363,"94bf284bb4a46d46f10e3cc913b3ca2d"
"LinkedIn","Community_Guidelines","20221205T123213",2022-12-05,4710,28208,387,144,"2bb1dcda9d5820b52704c45a70137462",30699,365,"06d158cc1e256d51adeb4dffd8c248bf"
"LinkedIn","Community_Guidelines","20221205T183225",2022-12-05,4710,28270,345,144,"494f0e170068fb32edb3ea40f43c9e71",30741,351,"056b7f746aed9488b2b5cc48fe846cf0"
"LinkedIn","Community_Guidelines","20221206T003223",2022-12-06,4710,28239,370,144,"3835b17fc634d67a1221cfea6f018012",30731,361,"29652a676580b59f99e3343b66c6e62c"
"LinkedIn","Community_Guidelines","20221206T063226",2022-12-06,4710,28337,356,144,"9bec3c344cd15238a701448a27110443",30957,383,"f6f52e5c01ad21fd9452b245fc6b5ce8"
"LinkedIn","Community_Guidelines","20221206T121758",2022-12-06,4710,28252,371,144,"e70ee52e7c7686b989f22cf6280a071d",30778,368,"07fa6cacf0d84a21a036d53e07a286c8"
"LinkedIn","Community_Guidelines","20221206T123214",2022-12-06,4710,28282,369,144,"090f715b859bccc969c0bfb5e1b3422a",30844,374,"e0bb6116d4a3959bd8f321acf92c0749"
"LinkedIn","Community_Guidelines","20221206T135227",2022-12-06,4710,28243,374,144,"295c7d35f278df4e7b45718f0de7fe28",30756,366,"6678ad6a9881f4654b5f4dc04607b822"
"LinkedIn","Community_Guidelines","20221206T142215",2022-12-06,4710,28238,357,144,"022aeeadeed83f73e328bbd2eac1512f",30698,352,"cee1cf5fca518cee15dbab03a64f25c7"
"LinkedIn","Community_Guidelines","20221206T162757",2022-12-06,4710,28277,344,144,"612e7fae561d74cefa363a5e2ac60b6f",30755,353,"f30db3c59a12cba3ac276e80be629715"
"LinkedIn","Community_Guidelines","20221206T163928",2022-12-06,4710,28262,373,144,"bf8cc7c27f9df0eb0e803803911921d6",30812,374,"40f44c74d04d9778b0880211f8ecceef"
"LinkedIn","Community_Guidelines","20221206T183226",2022-12-06,4710,28293,368,144,"c7e1b05c4208eb3e3f0e1457c74b3b7a",30872,378,"82594fb146b2116dfa27fff25e9b2fb0"
"LinkedIn","Community_Guidelines","20221207T003231",2022-12-07,4710,28275,354,144,"5ff97d4f866ec8421af8cc8e3dfef359",30778,360,"6a1280289704a62265c3746a092c9984"
"LinkedIn","Community_Guidelines","20221207T063218",2022-12-07,4710,28226,361,144,"e2471874e1ef0e0e5c0e447f116749fa",30662,348,"a8420dc296ef9feb5e6157d2fd06973d"
"LinkedIn","Community_Guidelines","20221207T123228",2022-12-07,4710,28285,360,144,"477a1404f96b57fbcdfb0ba596772938",30827,369,"e4ec9729fd0d99059b6eb76bffc89ee4"
"LinkedIn","Community_Guidelines","20221207T183227",2022-12-07,4710,28255,366,144,"e5e887696f2afaa16dca69b1a22c8473",30767,365,"8f695ca15077408709415ce650d815f8"
"LinkedIn","Community_Guidelines","20221208T003227",2022-12-08,4710,28282,357,144,"6648243188193e710c5de2000a172931",30812,366,"9c5fbd06eb51af39d04be923c9d2b022"
"LinkedIn","Community_Guidelines","20221208T063223",2022-12-08,4710,28267,378,144,"dee400787a2942ce5e12875fd95ab863",30837,379,"89d20722f0378e286d1f55533fb094a3"
"LinkedIn","Community_Guidelines","20221208T123228",2022-12-08,4710,28238,361,144,"a83b0944c550a0bb75c8abf378a024b2",30700,354,"b1feeb06811991d7f1e648c84c4eba5a"
"LinkedIn","Community_Guidelines","20221208T183229",2022-12-08,4710,28300,363,144,"bb68b2ceead5e71e3c739a64e73a93ec",30889,379,"b3ec0ce0e30da0ab8f5d0d7de144dad7"
"LinkedIn","Community_Guidelines","20221209T003235",2022-12-09,4710,28255,378,144,"d5f6069624073ef0cb04fc3e9b0ed574",30800,374,"9abdf331d10b47c6db208096af5e7f0f"
"LinkedIn","Community_Guidelines","20221209T063233",2022-12-09,4710,28332,351,144,"3f4d742a7c0b9c78e8498769893a12e7",30927,377,"5375e37359450194662c3a91615dfbac"
"LinkedIn","Community_Guidelines","20221209T123229",2022-12-09,4710,28320,351,144,"5c4bd548d240c9098bef8285bc355641",30890,372,"58551f8242ff84d610b341bfeee668a2"
"LinkedIn","Community_Guidelines","20221209T183215",2022-12-09,4710,28233,352,144,"28b5030a981143af8bb4b8b996a6a126",30663,345,"831da714db73dff6066003ea56d36457"
"LinkedIn","Community_Guidelines","20221210T003232",2022-12-10,4710,28197,376,144,"faf83d05f40f699df140dac7cc5e2a83",30634,352,"4f0ead1a45464a0d5f5d6fbad49be4c2"
"LinkedIn","Community_Guidelines","20221210T063224",2022-12-10,4710,28281,356,144,"682446ec64fec73b13f63317371b8793",30807,365,"558c2b910eeb1647891d629b14b6db4e"
"LinkedIn","Community_Guidelines","20221210T123226",2022-12-10,4710,28283,362,144,"e32d7292d2d6209b5b013ec8f0a4c6f7",30823,369,"ff92d48688a405120266ded90084830a"
"LinkedIn","Community_Guidelines","20221210T183227",2022-12-10,4710,28299,362,144,"48cdb5b91b840896cf7882aa44f8e8c8",30879,377,"8947292f9d5cac4de14dcf26ac5b6b9f"
"LinkedIn","Community_Guidelines","20221211T003212",2022-12-11,4710,28275,362,144,"9fd1412efc5e35949f38d26d1bf9ea80",30804,366,"6b18fcec4aee0bc41c788231f3c273c6"
"LinkedIn","Community_Guidelines","20221211T063213",2022-12-11,4710,28286,361,144,"87859dae40b03da37ba7565763e0657e",30836,370,"a3cf684d990b0ce5c12ab0e6a0f5fc7d"
"LinkedIn","Community_Guidelines","20221211T123217",2022-12-11,4710,28240,359,144,"64c8ea7229dd700bbd1331b223010070",30703,353,"6fb68b7b81a5f1145260c66bd85d3197"
"LinkedIn","Community_Guidelines","20221211T183216",2022-12-11,4710,28263,382,144,"19b54530ebca9845bf0280a234c251b6",30843,381,"166b8e775a706e69d4bdc906caceb64f"
"LinkedIn","Community_Guidelines","20221212T003218",2022-12-12,4710,28287,362,144,"fea6e02a70a05e032a1025e8e3a4aa27",30836,370,"d9a7b5b3af7f63e81b13cab02c91b970"
"LinkedIn","Community_Guidelines","20221212T063243",2022-12-12,4710,28326,345,144,"5ece4ecef0754e4bf806c9bc12a44fdd",30892,370,"7cf8d2d16529fbe0241aa2904ff7474c"
"LinkedIn","Community_Guidelines","20221212T084933",2022-12-12,4710,28275,362,144,"e678b78d141f467a3af3056d1cca9b1c",30799,365,"e1d5dd962e1b7366cf8933f11ac9c1ad"
"LinkedIn","Community_Guidelines","20221212T090825",2022-12-12,4710,28243,374,144,"664194e1ae0f830bd0c6dfcc88f7522d",30751,365,"dd3421fa199b64642f20b6df101ebacb"
"LinkedIn","Community_Guidelines","20221212T101613",2022-12-12,4710,28185,364,144,"518c245142cabfa302b2ab66fdb3ccc1",30564,338,"2d8ff743c694114ad46fdf0a09bb8a87"
"LinkedIn","Community_Guidelines","20221212T103205",2022-12-12,4710,28241,360,144,"ef975dfcc8b60056377c614902aabf35",30713,355,"e42bed4048f222ce13b0de297d00b8e4"
"LinkedIn","Community_Guidelines","20221212T123224",2022-12-12,4710,28270,349,144,"6f6d1f787093feba88680b8f86b17882",30748,354,"f42b19fbc5e1b7e20b302ef5a298f5ea"
"LinkedIn","Community_Guidelines","20221212T173703",2022-12-12,4710,28211,378,144,"c11c17be89c1d9316e31a067878e3dc4",30686,360,"ffd73087b834771a16c8ef119c02369c"
"LinkedIn","Community_Guidelines","20221212T183230",2022-12-12,4710,28304,371,144,"eff1fe13b043c0d834a9c9a6cf1811cf",30915,385,"e33c389ff53408167ef85836bee2f319"
"LinkedIn","Community_Guidelines","20221213T003225",2022-12-13,4710,28291,366,144,"41f851ae3d133a66606d39b8d0f2dcd5",30862,376,"de6c757318806bed77eaac5396123845"
"LinkedIn","Community_Guidelines","20221213T063224",2022-12-13,4710,28282,357,144,"c948e7d6ec5c4c50dbceb89869a03994",30817,367,"4b02a55f949d8f00fb6d756a77dec0f3"
"LinkedIn","Community_Guidelines","20221213T104037",2022-12-13,4710,28300,363,144,"b995f6040e3bf2d298628d07eb5daadf",30879,377,"cc9000f7216948df6aab66f1ed2d92f3"
"LinkedIn","Community_Guidelines","20221213T105202",2022-12-13,4710,28297,364,144,"06dc6f06bc543eaa7ed10558152e1400",30870,376,"0eb6caa4d10395d22b05fee06781ec51"
"LinkedIn","Community_Guidelines","20221213T110253",2022-12-13,4710,28305,336,144,"00157c746ad2fca63e62ca5dbf68b797",30805,355,"38f218e76c49abb083b82b6d47c0c875"
"LinkedIn","Community_Guidelines","20221213T123232",2022-12-13,4710,28318,349,144,"e2e4d41130778cb1581c12bef9f759cc",30880,370,"0b27cbb24c9c4af4fa6a57819e549008"
"LinkedIn","Community_Guidelines","20221213T150728",2022-12-13,4710,28324,355,144,"4030188276c2dfd48373bf3f1603d8a0",30915,377,"21713391469fdf882df4ed1f51252033"
"LinkedIn","Community_Guidelines","20221214T003231",2022-12-14,4732,28465,385,145,"e62fd0481463535fb0206114cc3ba6ad",31233,425,"2adbbd8540104baf8e3f48e5c66e0f36"
"LinkedIn","Community_Guidelines","20230205T003237",2023-02-05,4746,28552,385,145,"2a7d436b52d7945235b11f12d20b9d80",31320,425,"5683a5f10dbd483dd48ce7634e74598a"
"LinkedIn","Community_Guidelines","20230216T003242",2023-02-16,4784,28787,385,146,"c038d775d4537606fef9b141786527b1",31555,425,"c55752ceb0c16efa927a97cc6ba25868"
"LinkedIn","Community_Guidelines","20230508T063208",2023-05-08,4418,26578,353,138,"1b5299e963ee5ea40d02299d90b9264e",29152,390,"0beb51140824762a495f0311db4bc6f1"
"LinkedIn","Community_Guidelines","20230807T183243",2023-08-07,4714,28412,385,143,"546d1b811a97c5cb4f3a4ff2008ad82c",31176,425,"233c2ab01deb67f7321515c78dc35c38"
"LinkedIn","Community_Guidelines","20231014T123355",2023-10-14,4819,28999,387,144,"e1b06e4cca8e9a5b8f49d7c1c89a47d0",31707,416,"744837bc1c964db6d9d792307fc1aa61"
"LinkedIn","Community_Guidelines","20231028T063343",2023-10-28,4819,28975,387,144,"83eb94969c77d38fdeaa7bd49514402b",31683,416,"9d90fe31f3e1e2f54bf7b4822a226a23"
"LinkedIn","Community_Guidelines","20231102T063324",2023-11-02,4819,28975,387,144,"3238a4e1517596e9c0c24ee95405013c",31683,416,"105a4e1540f87f6cd332e85a24b39c2e"
"LinkedIn","Community_Guidelines","20231119T123359",2023-11-19,4753,28683,365,144,"bfcd0fff69434bd3272c174c9b735953",31391,394,"3fe2c066acf4d1c80a5ccc762a145b3e"
"LinkedIn","Community_Guidelines","20240913T003219",2024-09-13,4899,29531,369,149,"62751a0a4bc1ee7b5e2e817d550e5271",32237,398,"76c81b3ab64bb1da52bbfbab66470ace"
"LinkedIn","Community_Guidelines","20240918T003221",2024-09-18,4921,29684,370,149,"f57db7f2aca48e740c6af12b14f37d40",32392,399,"47c375b2e2cd0a6afc9cb976a7bb0172"
"LinkedIn","Privacy_Policy","20220711T145929",2022-07-11,7514,41358,422,272,"f02374d9f78beabfda8479bf2b8b65f0",47750,427,"9d72cf3f4e206ef54a20f0c60c3e9e8e"
"LinkedIn","Privacy_Policy","20220920T123216",2022-09-20,7514,41359,422,272,"1ae62cfe4dc1cccfb0f1ebb08bb447d0",47709,427,"37f616ba43f6ff8b1614db23486ea166"
"LinkedIn","Privacy_Policy","20221104T063147",2022-11-04,7496,41271,422,269,"f54f79becf113d15b976396f48bc2a92",50352,427,"37116b810035b974fd93864d3fa7b2d1"
"LinkedIn","Privacy_Policy","20230104T003204",2023-01-04,7507,41328,422,270,"58ca8a5f081f6f1abb12326b807fe8aa",50409,427,"44ba284055e98913b6381802b3f722d0"
"LinkedIn","Privacy_Policy","20230118T183158",2023-01-18,7498,41263,422,270,"edec9a076fac4f4b09b37f945d899d7e",51034,427,"a3ec86b01928ef6e733a1d0e031fca8f"
"LinkedIn","Privacy_Policy","20240308T003310",2024-03-08,7507,41292,422,270,"8b6f1831dcd414f2d79e8228fa482aff",51063,427,"549647efd7ff8116c8cd30bf2848d738"
"LinkedIn","Privacy_Policy","20240509T003503",2024-05-09,7514,41324,422,272,"2cb7368d3080c9fcc029c6c205d3e01a",51095,427,"c3e0172f420c2f2728e9b436b5f17c4e"
"LinkedIn","Privacy_Policy","20240801T003253",2024-08-01,7568,41553,422,273,"e3666daf0ef2fb5ca158cc2c86824932",51014,427,"70ea403cc75921e2cfb0cb68ee3ca8c1"
"LinkedIn","Privacy_Policy","20240919T003221",2024-09-19,7991,43884,426,285,"552cb28ea47bf07e582caa8aceeccd80",53895,431,"d00185238c96dcae9b3ddfe34c868143"
"LinkedIn","Terms_of_Service","20220711T145932",2022-07-11,8030,46617,202,242,"a01ae0b04772c72472edadd0cd11922f",49016,203,"72640bd581323b9f972d44d64fe9adf2"
"LinkedIn","Terms_of_Service","20220920T152232",2022-09-20,8030,46624,202,242,"63391c19679c248db6de4fe64da53dfe",48996,203,"47fdaaee638454571e9e98968ff8336b"
"LinkedIn","Terms_of_Service","20221012T183212",2022-10-12,7998,46421,200,242,"864c291da22a4a0cf1806e743247f2da",48782,201,"79a94b260bd0c01d4b602202568a276b"
"LinkedIn","Terms_of_Service","20221111T003154",2022-11-11,6802,39538,176,200,"ae1c57fb21714e444c427a018a72725e",41612,177,"cded0ba58e91509999e1b3ab947d4801"
"LinkedIn","Terms_of_Service","20230202T063202",2023-02-02,7060,40850,189,205,"ccf3deca21d4c97af11247804ece09a4",42389,190,"6ade663e3a38bf0325c4e888db5d9309"
"LinkedIn","Terms_of_Service","20230804T183157",2023-08-04,6857,39533,171,205,"aa68263bd83e1aa168c08eb2a409d1e2",41014,172,"1437df51414098f4363c05b0fee33666"
"LinkedIn","Terms_of_Service","20230808T003237",2023-08-08,6658,38280,169,199,"80d9e0d4c4f825aa398d9a25ee584bac",39612,170,"7260a663131d8085fd68ab4009ef323c"
"LinkedIn","Terms_of_Service","20231015T123401",2023-10-15,5232,28390,304,207,"cf24933bd9f4c0e9779bae95086573b7",31382,307,"2e15f068b65e9d0e364ebc4d68d8399e"
"LinkedIn","Terms_of_Service","20240308T003233",2024-03-08,5293,28676,306,208,"4309dcb2cd03feeca786141778d99721",32099,309,"67d0539609c490089ae0ccb119c29675"
"LinkedIn","Terms_of_Service","20240919T003213",2024-09-19,5316,28794,310,210,"f41530a60b6aebbd88cb95e752ec2604",32299,313,"46f0d38abc7372baa473f8fd56aa14eb"
"LinkedIn","Terms_of_Service","20241121T003234",2024-11-21,6152,33221,324,222,"205ff7c2732eeb0e557d9e06f5cb4aee",37500,333,"18ab892a2c873cc594e647f2eae0e37f"
"LinkedIn","Terms_of_Service","20241221T003236",2024-12-21,6135,33138,320,221,"323a20b014a8436b3d3c731004d72e6f",37392,329,"9dc4388ccc1d47c8c0fd7a3c79532171"
"Parler","Community_Guidelines","20220711T145943",2022-07-11,768,4342,133,28,"4c4c38836c5e63c833b1dde630c5925e",4381,149,"650a59406d21a081da2db12ed76bfdbd"
"Parler","Community_Guidelines","20221202T003240",2022-12-02,468,2503,67,16,"5530c65cacd6e3dd5f9f296eccfbfd9a",2532,77,"b8b6eb467c412943ed93da5c9ce59274"
"Parler","Community_Guidelines","20221218T003245",2022-12-18,768,4330,133,28,"29c476879c75e9877657c4b460603ed1",4369,149,"8b9716b55a6347c55d153a66db10fb4c"
"Parler","Community_Guidelines","20240905T123305",2024-09-05,1083,6413,47,59,"db38c962dc3e52e0aff58a23f553b0b2",6609,48,"ceb5726a8b7d8b18a3c472347e49e527"
"Parler","Community_Guidelines","20241204T003303",2024-12-04,1441,8712,95,77,"56ee5c200605296226c86c799d6c57a6",10105,97,"aefb079ad200286a1ca81de92d1da606"
"Parler","Community_Guidelines","20241210T003234",2024-12-10,1442,8723,95,77,"4467e0d82a57e4303f03080567713137",10151,97,"d752ed11c1cbc6f0d5bcf4b153fd5fdb"
"Parler","Community_Guidelines","20250114T003303",2025-01-14,1474,8866,104,78,"54fbbccfc6504fd5a8fd4c0e6d7348e6",10306,106,"8a8349f536471e7b1d010cac8599b8a3"
"Parler","Community_Guidelines","20250208T003250",2025-02-08,1472,8857,104,78,"aa6500a6b1546b4c3121a8a06c0e428a",10310,106,"d81c55a9716ecaf0059719fad218cdb1"
"Parler","Community_Guidelines","20250213T003300",2025-02-13,1473,8866,104,78,"8b2c590e560596e1ce7857768358f07f",10351,106,"39f59967c57ff97768017ec2b9d44a75"
"Parler","Community_Guidelines","20250215T003445",2025-02-15,1474,8868,104,78,"2d3b56849f797dd50e859e343e1e25b6",10353,106,"a26e8c4db080364ce50197857acf6596"
"Parler","Community_Guidelines","20250228T003313",2025-02-28,1475,8882,104,78,"0db8b37f7682764bb240392ea71f29a3",10404,106,"0081d1109798d590a6eae5aec8367e9e"
"Parler","Privacy_Policy","20220711T145937",2022-07-11,6489,36172,1141,267,"dac275915ae63f887891e7748af9768a",36717,1419,"ba4702146504322bb7a90480a2f6aa4b"
"Parler","Privacy_Policy","20220827T003217",2022-08-27,6542,36415,1143,268,"f7e841e686920ba58d7b71ca9a726cb4",36964,1421,"f0e56eb086877d628387d7e77537e146"
"Parler","Privacy_Policy","20240310T183240",2024-03-10,6154,34205,240,229,"124eeb4fb2f431100044c11274fda1a4",35676,267,"fb8a3fe8b0ab9978876b2a2f281f8095"
"Parler","Privacy_Policy","20240312T183355",2024-03-12,6154,34135,240,229,"4e885509f92bbc44594789f35688ba05",35541,268,"efe755b40474352ab99b24d332837c6e"
"Parler","Privacy_Policy","20240316T003330",2024-03-16,6161,34094,163,231,"a7ccd5dd392550f61ebeb584b6a43e1e",35565,190,"05cf6da783d474d7856af1bde1360259"
"Parler","Privacy_Policy","20240321T183346",2024-03-21,6766,37323,268,263,"1d0a10093a3320061151d3d805a3aa40",41391,302,"f99df6084535198f03887a7c11199d10"
"Parler","Privacy_Policy","20240322T003351",2024-03-22,6778,37348,266,265,"d9c774280a8e066980953044c3909469",39183,314,"4daf31b3d48469ec9e3a3da7b957ae3b"
"Parler","Privacy_Policy","20240325T183244",2024-03-25,6776,37345,268,264,"12b55bb53b598d088821bc337029c898",39254,373,"4a8b401fd16a93d3d281aa1cf3e643a1"
"Parler","Privacy_Policy","20240411T003453",2024-04-11,6769,37351,268,263,"1cc27d6142fa6f717b766515497a7282",38770,293,"a6af820514192d5ebd04cbfd2937112d"
"Parler","Privacy_Policy","20240905T105055",2024-09-05,6759,37400,271,255,"9a8c7d4dec44b017cb9f618712aa8a3a",38310,285,"ad6a439f26e1973b9a126d4a6fa91614"
"Parler","Privacy_Policy","20241204T122744",2024-12-04,7030,39589,347,248,"8e999fc94258e988a4fc558209d5250b",41598,349,"50805c7c28fa6cb429c89d45ce72a433"
"Parler","Privacy_Policy","20241210T003232",2024-12-10,7031,39600,347,248,"f8fb6363fed64d6d17895cdeeb9bffdc",41644,349,"ab7d83723f6cd1014a3f0c19ce5faee6"
"Parler","Privacy_Policy","20250114T003301",2025-01-14,7063,39743,356,249,"2dd07672ccd5bc68a025dae64b87a20a",41799,358,"bd05f75213d0463b26140e07d30c130c"
"Parler","Privacy_Policy","20250121T003251",2025-01-21,7267,40933,372,296,"c3dbc4cadcd969f30a42f6a8d82af40f",43316,425,"dfbbf433b655ba7871df930623103615"
"Parler","Privacy_Policy","20250208T003248",2025-02-08,7265,40924,372,296,"1ee530c478aa0d19986475370a6b0efb",43320,425,"55fa22c14a21eef6421ae9430cc9859a"
"Parler","Privacy_Policy","20250213T003257",2025-02-13,7266,40933,372,296,"e9222d79db92dbf5f5400bde5f5bc71b",43361,425,"3cafecedeaf25c67e2c746bf6ee27d4e"
"Parler","Privacy_Policy","20250215T003442",2025-02-15,7267,40935,372,296,"678d209a8d8ab68c79008aba306bc084",43363,425,"db0a4fb637e3c89547c8b41f72ce0b20"
"Parler","Privacy_Policy","20250227T003309",2025-02-27,7267,40930,372,296,"432f318eb4a404b17a6b8152cdab9bc9",43358,425,"2246297af1f2d52a5dbbef997cd36d62"
"Parler","Privacy_Policy","20250228T003311",2025-02-28,7268,40944,372,296,"204b020124c74d4543e99649e73ba784",43409,425,"3cfac6c1ace204b10213b90f4e70c1f4"
"Parler","Terms_of_Service","20220711T145941",2022-07-11,3484,18771,511,106,"755c7130d15dca15d6727a3d6f65d919",18883,595,"3c1b1f868fb407866290e83743955095"
"Parler","Terms_of_Service","20221223T003249",2022-12-23,3560,19245,523,108,"5bac9cae71fb7a6e5202ec449bb70c79",19367,605,"31769f6366917d9ca45d14b8f7f7fe74"
"Parler","Terms_of_Service","20230307T003259",2023-03-07,3558,19243,523,108,"420beaf69fd921fddf62579ab68bbfa8",19361,605,"99da206e0645b7777084bf64cf6d1048"
"Parler","Terms_of_Service","20240310T183241",2024-03-10,3521,18930,105,102,"b974b0e5da219142d856b215e6d7dbd3",19951,114,"2af48064561d7a3c9546b2524f44a852"
"Parler","Terms_of_Service","20240321T183348",2024-03-21,3521,18892,81,103,"6ae251002486a8e1fbbd42e7ee3dd583",20151,123,"267e5572361a04c83907f3dbc49f45ad"
"Parler","Terms_of_Service","20240329T003417",2024-03-29,3523,18910,81,103,"3dca74cb9b0bf7d8e29c38b238f914bc",20169,123,"182515d752f8612116c1cd1b7e12585a"
"Parler","Terms_of_Service","20240902T123302",2024-09-02,3465,18714,83,87,"f960738cee2d0879a7eecd06d70ef1c4",19485,84,"cbb396eaea582336760af0b5651f96b6"
"Parler","Terms_of_Service","20241204T122744",2024-12-04,3828,21034,131,104,"13071d37c7a380a9e4524c37d329a76d",22883,134,"92e71f0915c1d3d55e53c87967e9a7d0"
"Parler","Terms_of_Service","20241210T003233",2024-12-10,3829,21045,131,104,"ea5977f18d7ce86706d0a0cd894b87a0",22929,134,"9994ece7a161f77113e08f670081f4fe"
"Parler","Terms_of_Service","20250114T003302",2025-01-14,3861,21188,140,105,"1d0664624c883179bd47987c42cb1ea4",23084,143,"c476544cb8eb71640201ec1fbed82923"
"Parler","Terms_of_Service","20250121T003252",2025-01-21,4079,22661,152,116,"e8119b15b164d38b8b303274a06854eb",24204,154,"114da33646706e60e7123009f672987e"
"Parler","Terms_of_Service","20250208T003249",2025-02-08,4077,22652,152,116,"9528687e53a5b884ccf188a121d5af80",24208,154,"401d73147e606591e3f826028fd5282b"
"Parler","Terms_of_Service","20250213T003259",2025-02-13,4078,22661,152,116,"6a598c9ab2b765394880b9b5f3c6a412",24249,154,"fcb91ae34839fa46de64772bfe77e360"
"Parler","Terms_of_Service","20250215T003444",2025-02-15,4079,22663,152,116,"6b8990122bc87f5906311676eb3f339e",24251,154,"e5c64f216634d0d169fdc8612621c1d2"
"Parler","Terms_of_Service","20250228T003312",2025-02-28,4080,22677,152,116,"82ab6253da28cc5998a3c977a3a08869",24302,154,"6d3f1410cf0e9848e8a4982940f5fd5d"
"Pinterest","Community_Guidelines","20221102T072209",2022-11-02,3579,22340,295,67,"87feeeb5af28981645153877bf85a25f",24225,322,"57ed13fe0b681234e491c2d2915af12c"
"Pinterest","Community_Guidelines","20221222T183301",2022-12-22,3597,22439,297,67,"99545d11cce7fc2b6b99d8f54bd5a657",24280,322,"38fafc9c5d5ead69c709eba99bc8db7e"
"Pinterest","Community_Guidelines","20230113T123257",2023-01-13,3597,22386,288,67,"d1b6b21efbf5e17e127e3c6c4eeb8083",24235,317,"7fcaa2f2d3ef287e7be7391fba9386a2"
"Pinterest","Community_Guidelines","20230126T003246",2023-01-26,3572,21333,280,78,"75284e6179d1a860f6e793edbca470de",21204,280,"f4ce4b499a74c8fc34e1c326e092a35c"
"Pinterest","Community_Guidelines","20230207T003255",2023-02-07,3580,21387,280,78,"93371595a9d0af2b8b6ab37ff3728dac",21258,280,"7ec27b10e7d2eb8598966d2b57962d99"
"Pinterest","Community_Guidelines","20230209T003250",2023-02-09,3578,21381,276,77,"6cf8c28fb9bbf3422286e40bd349a991",21250,276,"ed9bd1496c02804596f0d28cd2a78467"
"Pinterest","Community_Guidelines","20230309T063303",2023-03-09,3556,21247,276,77,"3857ed0278b965ab1bd3a2db8b1c8aaa",21114,276,"9271a844c84c7e20067394a445527a2d"
"Pinterest","Community_Guidelines","20230401T003257",2023-04-01,3758,22477,286,82,"4293f795129f5bd634121879bedd8900",22338,286,"28d6c0df47c69cd41f659311cb19e0b1"
"Pinterest","Community_Guidelines","20230412T183306",2023-04-12,3758,22477,286,82,"b51980497f92a2a78a8844e7d959f47d",22342,286,"23887c1b6fb78666e458038c05a26230"
"Pinterest","Community_Guidelines","20230503T003312",2023-05-03,3759,22487,294,83,"9ef66fed1c8cb7a8ec4bcaab1801d42f",22348,294,"bdac5353df8d49cb5dae8681d0f5ded4"
"Pinterest","Community_Guidelines","20230717T183402",2023-07-17,3812,22738,286,85,"2712f7918cb371691b809452750e33a3",22604,286,"d0997e0814f4e4898f27938842c775c1"
"Pinterest","Community_Guidelines","20230801T183302",2023-08-01,3833,22863,294,87,"8995161e56811644db409428ce74e924",22724,294,"1a01ccaad12bc12faccda7373693f4c5"
"Pinterest","Community_Guidelines","20230802T003358",2023-08-02,3827,22870,294,87,"aa33c32acbaa83472eb9005188c289ce",22732,294,"c1f08a2b327d6987fc0a04b05759fc78"
"Pinterest","Community_Guidelines","20230921T183248",2023-09-21,3838,22909,294,87,"331f079203e15e1fe72b6910086fa83d",22775,294,"ba677975b602fc654c1b636d93bc7e88"
"Pinterest","Community_Guidelines","20240105T003407",2024-01-05,3838,22908,294,87,"52f573731f630e97dc00bc7c2436fb64",22774,294,"dc8960cb6bc456614d09d58e9ff36c54"
"Pinterest","Community_Guidelines","20240226T183324",2024-02-26,3907,23296,297,87,"59ec51387c57ca26fcc479e4e3d48d68",23160,297,"0790312ed84a8ad2c76bf6274289f6bf"
"Pinterest","Community_Guidelines","20240330T003350",2024-03-30,3926,23418,297,87,"cb9f95a3bbd403f94cc369e67ee723bc",23281,297,"f9dcbd1f93293ea26ccb181e06be4463"
"Pinterest","Community_Guidelines","20240402T183303",2024-04-02,3925,23419,297,87,"db4526decc05c65602b562e5fddc7f96",23284,297,"25aaebf65e1a9992697568416fc5a6b8"
"Pinterest","Community_Guidelines","20240815T171943",2024-08-15,3856,22981,301,87,"608f957514096ae21abbb82d269b67eb",22862,304,"8b3f3f3d31ed0dd9c87298f82c4de049"
"Pinterest","Community_Guidelines","20240905T003307",2024-09-05,3880,23007,303,87,"add9448fdf84e0c543dcf81b0ed1c00c",23121,315,"18db9f837254bc5f7fef38f53d5bbf1b"
"Pinterest","Community_Guidelines","20240907T003226",2024-09-07,4249,25362,342,87,"68835601e707f65899cd45cec91645ac",25425,351,"405154c5afa54752c07ea3b58e814aec"
"Pinterest","Community_Guidelines","20241019T003237",2024-10-19,3886,23124,320,85,"9a23c4441fb09995486b9422e78e961f",23205,329,"4fa6d3a615058683e1fc5728fcdc563b"
"Pinterest","Community_Guidelines","20241207T003258",2024-12-07,3892,23164,321,85,"4e94e176180e81de059e714522bbea12",23243,330,"4bcf0e8fa88fb605733d65b2d9fc54cc"
"Pinterest","Privacy_Policy","20220711T145945",2022-07-11,4850,26557,209,157,"f4c917acaf515a2437d024b5bdeceee4",30372,237,"3440f09d8a5cde637f27538368e0f331"
"Pinterest","Privacy_Policy","20220920T152243",2022-09-20,4850,26609,209,157,"321336448e7edf024004e77538acf52d",30202,237,"4d52ece50965677c9ab3505ea97923c4"
"Pinterest","Privacy_Policy","20221217T003247",2022-12-17,4212,22904,171,144,"5831fbf03a3c340fa812d3790b44dcbd",26071,198,"495db433cc645da78a6e4f1a9406db03"
"Pinterest","Privacy_Policy","20221218T003247",2022-12-18,4215,22925,172,144,"a63c534ccce4687346f099dc4be8458a",26112,199,"7a8db96dfc1b5fa4bfadf6bfab9e746b"
"Pinterest","Privacy_Policy","20230126T003245",2023-01-26,4078,21707,147,144,"946aa4ca33f5430321a43f91bd89251e",21746,146,"1574e2993c0c10a9705f2fc0ca4b49f9"
"Pinterest","Privacy_Policy","20230802T003357",2023-08-02,7476,40553,409,203,"888c13e4b35742ffbd4b5dfbdd0145b8",42564,423,"c287d31a9b0620507d3173e854679ba4"
"Pinterest","Privacy_Policy","20230921T183247",2023-09-21,7487,40592,409,203,"3705aeeb50ac0decd4815fad1f46c34c",42607,423,"a4c82119ca21c4339d7c67b8320d8169"
"Pinterest","Privacy_Policy","20240313T003351",2024-03-13,7648,41394,417,209,"ee51ff3547f4962078e32392996b8b88",42904,431,"3e73048e89b9c209090d75c186767dae"
"Pinterest","Privacy_Policy","20240406T003459",2024-04-06,7654,41426,417,209,"7f320ce2e646cf8fafd294b688713a8b",42936,431,"fffab11f509a57da7984d2c4221d2ea3"
"Pinterest","Privacy_Policy","20240501T123248",2024-05-01,7611,41231,415,207,"22bd4c2e19823d3a56572c0cb6ab35a3",42741,429,"fda408c57be37e2acb33488ed259dff3"
"Pinterest","Privacy_Policy","20240815T123255",2024-08-15,7514,40486,429,205,"3e6465700bb275c5b9669ac25493cde8",41195,446,"fac6f5ba8b48cc48a176ce831240d8c1"
"Pinterest","Privacy_Policy","20240905T003306",2024-09-05,7532,40506,431,205,"358154c4311be27606c8e4abdd7648ae",41724,463,"42f14290c4d3a1ec93b211f4be118bf8"
"Pinterest","Privacy_Policy","20250307T003259",2025-03-07,7552,40613,433,207,"4758f5d35c1b6c7c9b20c99a357ac867",41831,465,"9c9aef7c5c1ca4ead3e134c83f5652f9"
"Pinterest","Terms_of_Service","20220711T145944",2022-07-11,3516,19007,197,144,"c63b480d1177f0a4fd3a5f902a9c6a85",20659,237,"89d0f909e1eee59059abc5f04833751d"
"Pinterest","Terms_of_Service","20230126T003245",2023-01-26,3489,18403,185,150,"538becab0d77e1778097f8a9e629294b",18485,185,"ecd2367997f1359976f756f6f2e59553"
"Pinterest","Terms_of_Service","20230802T003356",2023-08-02,5273,27738,247,206,"7d6ce2e286905f0ab17bcec5b0d41879",27847,247,"bebfe5fc70a9ae8636cf9a352cdb18ca"
"Pinterest","Terms_of_Service","20230921T183246",2023-09-21,5284,27772,247,206,"593a739f70f17858c99857ee4fc2ba87",27885,247,"011ad31d57b9ec59030d9de84e07fc91"
"Pinterest","Terms_of_Service","20240313T003349",2024-03-13,5371,28177,251,211,"e85ebf35101ddd677ad6f6df005baa4b",28295,253,"946473a7e9cab4d672ebf3948b716b86"
"Pinterest","Terms_of_Service","20240406T003458",2024-04-06,5377,28209,251,211,"5456433687cd8b8231f2cf31cef972ea",28327,253,"8f133e8c3a6b65812c650b4633e36e8b"
"Pinterest","Terms_of_Service","20240501T123247",2024-05-01,5332,28010,249,209,"2eb48694aab0d59491b3cdcb63188b8d",28128,251,"ca95c8b6c88f4bf3a46e82c5df64c35a"
"Pinterest","Terms_of_Service","20240815T123248",2024-08-15,5269,27567,253,209,"bae76f10ea2ae61c0188122f5180a9d8",27669,255,"e67b268b0ed5a1812fe43fb28479a168"
"Pinterest","Terms_of_Service","20240905T003305",2024-09-05,5289,27589,255,209,"5c84a5b7fbd079a8371bedc86738658e",28070,272,"4a0f4ae2d7872d630f868d77b62b3a8e"
"Pinterest","Terms_of_Service","20250307T003258",2025-03-07,5311,27700,257,211,"1ee2b3c356f9359c1c5449a873bd0b4d",28181,274,"693771272ad5ae5a12beb8365d1e22bd"
"Quora","Community_Guidelines","20221103T095443",2022-11-03,4078,23482,398,95,"607259f65334d941ba399548e7df3778",25857,358,"1039aa059b915d6468bb2ba2ac709de4"
"Quora","Community_Guidelines","20221215T183321",2022-12-15,4063,23372,396,95,"2dbad306c2ed06095ba7b56afbe43faa",25746,357,"155bbf7225f5d8c55a30cada14b4fccb"
"Quora","Community_Guidelines","20221222T003314",2022-12-22,4048,23254,394,95,"c4ea8144d7a5e72b526dd3f7c68f4733",25627,356,"f58be68eb29eec40512ffc3aecd168e5"
"Quora","Community_Guidelines","20230311T063321",2023-03-11,4056,23310,398,95,"6764c4bcf94a940edad881ba80399c5a",25677,358,"506a79fb94ddbb9129183af4fb6bd341"
"Quora","Community_Guidelines","20230323T003310",2023-03-23,4065,23363,398,94,"2186920564e7a0aff998dfe3ddc1fe13",25736,358,"99aaa6beab86004ea6d4e08c40919b46"
"Quora","Community_Guidelines","20230530T183307",2023-05-30,4065,23422,373,94,"e710d765da5b42c98bfa8fad05d04288",25815,357,"8cd5f1541c16a9d3fd65bb25810ed57b"
"Quora","Community_Guidelines","20231021T141430",2023-10-21,3826,22059,347,86,"f0caff3b41cb690ab651849e38506532",24023,331,"6a36edaca966b80c763bd46fa8beda92"
"Quora","Community_Guidelines","20240227T003358",2024-02-27,3828,22067,347,86,"0280b514cfa3d903b707da9613c9e5b2",24031,331,"598389c534f556b51682cfeafdcc6854"
"Quora","Community_Guidelines","20240318T123350",2024-03-18,3843,22155,347,87,"a2b174f65efbc1f2691cb9c342653c42",24119,331,"af414d5b88a20ad7dd185b839ccab2ea"
"Quora","Community_Guidelines","20240419T003545",2024-04-19,3869,22310,352,87,"97aa2be8bb31fdafe2f93d98bf4212e6",24270,334,"f0bbe9e84b4d3cf83461aa00b1ab8c80"
"Quora","Community_Guidelines","20240515T123611",2024-05-15,6010,34004,551,145,"f563146794900f570c2b43537f67f8f1",37931,535,"36bcbfcf56ffa65821c46264e5f35b7b"
"Quora","Community_Guidelines","20240725T003313",2024-07-25,5982,33863,549,144,"038113c982e062ef1ac3a4579609f8dd",37745,533,"2fe8770af551ff878f548756499bc035"
"Quora","Community_Guidelines","20250201T003329",2025-02-01,6009,34076,551,144,"849d26318f3b9478e48ef31e6ac58ef2",37954,535,"c52d8fdc3baeb349ecbc1bc2adfd8f4c"
"Quora","Community_Guidelines","20250315T003531",2025-03-15,6025,34186,555,144,"e008112fa7b047ecf12b12f964eab2e3",38058,537,"e0d78ca7104826137a18d9172135aca1"
"Quora","Privacy_Policy","20220711T145955",2022-07-11,4963,27383,168,168,"599f4678c5e0c9de043cef493a4757dd",29049,170,"785c3c4968e7da4487ae4b05b8fb46b0"
"Quora","Privacy_Policy","20220805T003201",2022-08-05,3878,21693,163,145,"3022d499653eca4710fba31a814c1ede",22466,156,"c2364fa402bd4c52dded39f5dfd9f5d5"
"Quora","Privacy_Policy","20230724T183348",2023-07-24,4385,24368,181,165,"5f1e7a12352092e0b7ddec88e0c5cd30",25140,171,"4009c2c7514ba9809d9d4c8c43764f0b"
"Quora","Privacy_Policy","20230725T063327",2023-07-25,4385,24368,181,164,"79af984fce0ecf23a2d449c1068d693e",25140,171,"c0d9294ddce5efb240eb50244ea74199"
"Quora","Privacy_Policy","20230925T183254",2023-09-25,4385,24373,181,165,"e3e10402e13cc71b0f51835a6476d3eb",25145,171,"8b4665cd19c1893d5f1c94c0524e7d5f"
"Quora","Privacy_Policy","20231120T063445",2023-11-20,4396,24471,193,165,"bfec4b4b384efab452994776a8e55d31",25723,193,"660046244379fe957b33718ea214f48b"
"Quora","Privacy_Policy","20240103T063438",2024-01-03,4396,24470,193,165,"f347d9a0d108182610c356570fee8141",25722,193,"1b35987cc1b5ef17af7186278218abbb"
"Quora","Terms_of_Service","20220711T145950",2022-07-11,6468,34085,179,287,"9a88367fe431e955b4c5f2e155dd7440",36481,128,"a10d5228496719d7ed4e739fbc44b50a"
"Quora","Terms_of_Service","20220920T152244",2022-09-20,6468,34117,179,287,"bd95d2e540affa4ed2087f2b0c272f57",36398,128,"5a861510b55932d8c717ff26d1fc1893"
"Quora","Terms_of_Service","20230725T183332",2023-07-25,9749,52790,231,303,"f3cccfea306d0dd65483e03a8de12d9a",56168,231,"b3238c63b17427061b6bf27ff4f20f7c"
"Quora","Terms_of_Service","20231120T123854",2023-11-20,9760,52888,243,304,"b1c72676d820a40acf4846b4dc032f21",56746,253,"b0f5123a8108e357249f351e9ad2d011"
"Quora","Terms_of_Service","20240103T063433",2024-01-03,9760,52887,243,304,"2b9d36148279221bf00a2ae2b20f4277",56745,253,"03733c4621692b436232e3922e64a84c"
"Reddit","Community_Guidelines","20221102T072222",2022-11-02,3200,17422,256,105,"968fea0dbc7607832b06609e1a2bb03a",20303,271,"93b48a0ce41ec080017efd169757a2d4"
"Reddit","Community_Guidelines","20230829T003404",2023-08-29,3643,20103,225,118,"46822fca70c69cb61863d60425399e86",22668,229,"1252ffac2552475cf13e7e0085558ca1"
"Reddit","Community_Guidelines","20231212T183306",2023-12-12,3668,20287,226,116,"334d056e0c3fea84a0326bb7d1959de4",22893,233,"5c93d1a384c3fce438a545456166c8c4"
"Reddit","Community_Guidelines","20240210T003424",2024-02-10,3672,20305,226,116,"0c2b7a08afd75a43fda409f1948329a5",22911,233,"f1182613258a08d806a0182a4c87ef8f"
"Reddit","Privacy_Policy","20220711T145957",2022-07-11,5173,27846,141,163,"d3f8121ee6b50f030fc699d85097cf55",30940,183,"8dd2ee13f1c0baba54c68f2055709b49"
"Reddit","Privacy_Policy","20221115T183325",2022-11-15,5493,29035,143,175,"c6b64a625dad342280fbea7a611afc3b",31510,181,"b64635896e6827c1d608dd76c560264e"
"Reddit","Privacy_Policy","20221215T183334",2022-12-15,5439,28757,140,172,"c27b1665ace11339dc2300d81fac91e2",31155,178,"13daad8c68d344492b90d2bc23042ffc"
"Reddit","Privacy_Policy","20230801T003343",2023-08-01,5462,28854,140,173,"953afea7974dbd5b9fb88bcb644f1d15",31252,178,"41175dc9e04d0ab9f76c9f5999ac230e"
"Reddit","Privacy_Policy","20240216T003422",2024-02-16,6042,31942,174,188,"b1f78223aa6c07051365b81a4464cd2a",34864,224,"da4544c5d1cb3d548bf1f0eb98f0bb2c"
"Reddit","Privacy_Policy","20240221T003334",2024-02-21,6041,31941,174,188,"32df0be09a1c28a5001d3d522dab9aab",34794,224,"07a4c4e2c75ff64d15ebd1ed3f299b80"
"Reddit","Privacy_Policy","20240817T003332",2024-08-17,6675,35523,183,227,"84d280ddce47e9b828ab14ca7a55eb94",39023,234,"075ffa699e09b93be86e3b4c49d5a8d7"
"Reddit","Privacy_Policy","20240828T003334",2024-08-28,6632,35273,183,226,"dc0e1f95d941974766571ce6eccfbf0c",38773,234,"db6b430de2cae21b164fcf1a42aaa498"
"Reddit","Terms_of_Service","20220711T145956",2022-07-11,8498,44823,354,256,"f9ee88e4abf6522554eb70971bf2e455",49685,372,"441287c5b6506a83c916e03c29b3e945"
"Reddit","Terms_of_Service","20230418T183317",2023-04-18,8420,44434,350,256,"977c9920fdc1eb44767be98ada1a5043",48571,361,"1c0e97adf15b2bd1a17ffe65af31efbc"
"Reddit","Terms_of_Service","20230925T183315",2023-09-25,8560,44601,390,251,"a2811d2e6434a7b458ec752a482ef6e9",49822,408,"e477cc45fc30165f076869a90df8cff8"
"Reddit","Terms_of_Service","20231011T123435",2023-10-11,8554,44599,390,251,"c2b9689c5156cf0abff8023c4e54900c",49820,408,"2179e94351b930ab7ec7077f448b5e7a"
"Reddit","Terms_of_Service","20231116T183419",2023-11-16,8554,44598,390,251,"e5aa810b54bf0636d5e8d02108f2c2c7",49819,408,"8849f37c3227a6b68d0271837bc196c4"
"Reddit","Terms_of_Service","20240215T183300",2024-02-15,8790,45923,385,260,"b726b71415eaa9e70d949ddf278e0220",51913,408,"14862b268e8a5b77799ce72170c825f9"
"Reddit","Terms_of_Service","20240817T003331",2024-08-17,8908,46527,387,266,"c6c800b993851742d06823e5c7dcb045",52748,413,"206384dd93aff072b2c74d59b4b0a700"
"Reddit","Terms_of_Service","20240917T003310",2024-09-17,8844,46272,385,263,"2a5421001aaee1fa171998a08afe4495",52387,408,"e559945c53c0d6e837706d1a15ea6e29"
"Reddit","Terms_of_Service","20240925T003308",2024-09-25,8814,46033,385,263,"1a738dd51fa65931c6ace07b8867e2c6",52061,408,"f31a8e4cf763cb68d3c93b707fc369de"
"Reddit","Terms_of_Service","20241001T003249",2024-10-01,8810,46009,383,262,"5e17a80eb66c7fddcc2a59af34ed8b4b",52366,398,"f645bfeaa46ad29e2741e4a27581d39f"
"Reddit","Terms_of_Service","20250114T003333",2025-01-14,8810,45981,383,262,"1b93c4ad075b74ad7f964db280721848",52423,398,"292a025906a28b7dfa2cfb482c269482"
"Reddit","Terms_of_Service","20250115T003343",2025-01-15,8809,45977,383,262,"b4397f9a0859e5e410a361a3041a6b6a",52419,398,"65b46d2efec204bb967375c019148d86"
"Snapchat","Community_Guidelines","20220711T150018",2022-07-11,977,5586,61,32,"b8d4199e6e855b3e60b752ee3acd321b",6083,74,"fd7dc8f52d476bd079da7c2bd531ba7e"
"Snapchat","Community_Guidelines","20230111T093955",2023-01-11,991,5600,61,31,"b993eb6710658863d72ee7c649d60b00",5872,67,"4e6ce2929340e058ff87eaefe1d7467f"
"Snapchat","Community_Guidelines","20230131T003350",2023-01-31,1327,7669,71,40,"1806cc38a6f06462c281a13b4fe0f3d2",8596,86,"3e96eff7ef19276641771ff7fb5a8580"
"Snapchat","Community_Guidelines","20230825T183339",2023-08-25,1543,8920,79,41,"dce4866c47b86ec485e46df1a618b417",10008,94,"aba88309e3da8eafba6877f3eea24470"
"Snapchat","Community_Guidelines","20240131T063431",2024-01-31,1597,9251,81,43,"327703ce7c4dcd5da5194230a37340ef",10346,96,"c9a5d7703f75daf7a5041a1645174f33"
"Snapchat","Community_Guidelines","20240529T183400",2024-05-29,1603,9279,81,43,"6cd9a048e561163654ee6af017bd0576",10448,89,"92de3623110383f1760011d0a5c165ec"
"Snapchat","Community_Guidelines","20240702T003401",2024-07-02,1659,9393,115,51,"4367118314b0e9ac1da6d14689501f7c",10905,134,"990a5fc94295f50e59ef5641a92999d5"
"Snapchat","Community_Guidelines","20241119T003524",2024-11-19,1576,9238,81,43,"9802f7b572d885696746be7ff66e1333",10407,89,"ffe190e0e1a0461a5f0f63f3b12b0391"
"Snapchat","Community_Guidelines","20250228T123425",2025-02-28,1638,9400,115,53,"8a03dcbfb78dd2f0535c371ff62bb96d",11220,138,"96a379679bc79db1e52a3edd2b7ddaa3"
"Snapchat","Community_Guidelines","20250305T123437",2025-03-05,1638,9399,115,53,"8ed7bb779d04bd11f898edd4d689ed72",11219,138,"1754d6d04ab4f306873c4cbba6f9c689"
"Snapchat","Privacy_Policy","20220711T150009",2022-07-11,4018,22069,209,126,"6792b7bf02c9433cfa2ef99e240cb8a8",24489,227,"9c3c8252fa4a675dacd0d22900603495"
"Snapchat","Privacy_Policy","20220811T183219",2022-08-11,3987,21915,207,124,"aaf8257ea06d235570b44e7fad451ccb",24268,225,"1352eba8571676ee0893506f6fa50ce3"
"Snapchat","Privacy_Policy","20230111T094440",2023-01-11,4028,21594,207,124,"2b763b65356d537aa98163a6281da4aa",23496,260,"63d23b483f273055e8b61658e91b1a82"
"Snapchat","Privacy_Policy","20230713T003356",2023-07-13,4061,21752,209,126,"81b2a8e6dc70e422b6295f777c2d65f3",23713,262,"e98de0fe90ea7c7bee7c8214ed28d77e"
"Snapchat","Privacy_Policy","20230714T003354",2023-07-14,4416,24001,221,131,"c42d3aa2ca2663e5c8a78c21add971cd",25962,276,"fa04b38e5ba81d789671b1e52d3acbf3"
"Snapchat","Privacy_Policy","20230916T003418",2023-09-16,4383,23843,219,129,"4af9a23e71895eafcf0a28620c4fa908",25753,272,"84ff255959f280fea7b4044ca6aa3acb"
"Snapchat","Privacy_Policy","20240122T063401",2024-01-22,6022,31957,243,210,"c9b6745d0875b9fe8fd5da381785743e",35362,269,"bba7ec414bb9c90860d15b1ffa031c5b"
"Snapchat","Privacy_Policy","20240122T123422",2024-01-22,6022,31959,243,210,"2d3b1a9a23f91b2824e6b60160c6ad6a",35364,269,"f9427c90938e09901a5798be5ee92c8c"
"Snapchat","Privacy_Policy","20240321T183419",2024-03-21,5989,31798,241,208,"7da6cf706c64fb1da9cd49c8928da4ed",35138,267,"5ca53536ca01ee37ea9832b44fc95e9b"
"Snapchat","Privacy_Policy","20241119T003502",2024-11-19,5986,31817,241,208,"a4033e84d2576cc1d88efb06741b85fd",35492,267,"638fc45fd81fdac6b5ac5bd4fe68c82c"
"Snapchat","Privacy_Policy","20250306T123412",2025-03-06,6201,33208,249,217,"0f54cb526c4ec8d4bf56358856484f9d",37284,275,"ff64927ec7dcb895b95d3935bedd4de4"
"Snapchat","Terms_of_Service","20220711T150005",2022-07-11,5732,29956,207,181,"bd0b1ee8be9aab828ae67d9e78248676",32077,235,"73dab83975aa57cf528e0994a303c35c"
"Snapchat","Terms_of_Service","20230512T183327",2023-05-12,5858,30629,209,183,"5c9a51d7bfa2eee32cd5016e4d216bac",32840,237,"c454d21bd121cd9d73d64a989dc64939"
"Snapchat","Terms_of_Service","20230714T003348",2023-07-14,7089,37151,265,235,"d772646f8496774f722c81c2612f23c6",39887,295,"3e65d5bc4a72dc40e095ed0c3353ef2e"
"Snapchat","Terms_of_Service","20230809T183325",2023-08-09,7056,36963,263,233,"b5848837e09661ed53b98884c045fff3",39698,293,"62d178efc193e8e0dd7176e46249eedf"
"Snapchat","Terms_of_Service","20230916T003411",2023-09-16,7055,36962,263,233,"f6b83666ebf8678cf0fc0bb665089d83",40035,293,"143988441f7b6a67fff9f22ce8c6c5a0"
"Snapchat","Terms_of_Service","20240307T213215",2024-03-07,15921,84138,551,537,"3041a38bc03454e53ced04a39236afd1",90768,618,"8a5cfdabd4b38758d10726a1cd906d1b"
"Snapchat","Terms_of_Service","20240318T183312",2024-03-18,15888,83977,549,535,"341a75c0b376648346acc11c50867531",90536,616,"17989b0f9e5c09a5e14f14dc1c701271"
"Snapchat","Terms_of_Service","20250306T003409",2025-03-06,18681,99550,678,587,"4d82df747a860318e4300bb50b3606f7",107466,709,"63f7a49f2c3dfaafffbd4493097c60ec"
"Spotify","Community_Guidelines","20221102T072249",2022-11-02,1569,9068,131,30,"f4973f46cbe5545fd4b0c179c8935523",9435,134,"d9ac12a1825ce869614f1a6988cc467c"
"Spotify","Community_Guidelines","20230130T164321",2023-01-30,1657,10791,121,39,"3756afb999ea621c1449d490572a87f0",11308,126,"51be6cec114aba2eda54fa5a8acf1b1d"
"Spotify","Community_Guidelines","20230921T123508",2023-09-21,1674,10919,127,40,"5b07c3334f583f375bfa97a574aaef1d",11472,132,"ccb07da45faf29d6af853f0e89282f4b"
"Spotify","Community_Guidelines","20231011T123510",2023-10-11,1793,11731,135,43,"afa1598a65279a8cbe14e3f09de9c807",12331,141,"ed1b16b99080dc65ceec7fb2a4f2800a"
"Spotify","Community_Guidelines","20231013T123551",2023-10-13,1776,11603,129,42,"b832bd80c266cbec7e0ee8647ce26155",12167,135,"a6f8eb416445e76159f8d37e576a32a9"
"Spotify","Community_Guidelines","20231120T003514",2023-11-20,1650,9582,131,35,"2227b02cd923638da91ed392e5b9604e",9958,137,"267967003742a9cf1af1c138cc63e655"
"Spotify","Community_Guidelines","20240118T003453",2024-01-18,26,157,3,3,"06b2eda1f7e2575827d7ac01310ccb0c",195,4,"a22257920f790cb983c0b335dca35fb6"
"Spotify","Community_Guidelines","20240307T220956",2024-03-07,1600,9313,111,29,"dbb2dc01f08454a6349bccde2b92084b",9338,111,"c743eaafdd41911971781251f95f71d4"
"Spotify","Community_Guidelines","20240326T183344",2024-03-26,1651,9597,133,35,"fb3cad0b632ae150e43eadbd9e95ec57",9823,139,"3127134e83a9c1924cab65b9a91b34b4"
"Spotify","Community_Guidelines","20240515T123649",2024-05-15,1671,9701,139,38,"21f59284a7d3b7ea3c62700220c91a79",10017,146,"7fe788afd03c512375897c93a8a476b6"
"Spotify","Community_Guidelines","20240625T123403",2024-06-25,1691,9792,141,38,"ddc6915cbe32c9c8894c165631ba1bfa",10108,148,"bf2226b1b313a536626290952486f1dc"
"Spotify","Community_Guidelines","20240816T091750",2024-08-16,1778,11620,129,42,"d279a552da05111ef8d8c3da7a092521",12181,135,"8001aa933df436ae431eebc5a3db3259"
"Spotify","Community_Guidelines","20240816T123446",2024-08-16,1645,9555,129,34,"d0126616dcf10aaebe317c756d13d56e",9897,135,"4243dc4be2e282b663ba8063efbfbd81"
"Spotify","Community_Guidelines","20250227T133113",2025-02-27,1630,9552,129,34,"9f616da5512f249c8fb5cc34e9a6f5b9",9920,135,"50e40650ed642a3f54d4ac451bfd44be"
"Spotify","Privacy_Policy","20220711T150019",2022-07-11,6951,36332,256,216,"44d91b68c145de34ee846d51699d1514",42099,330,"fa56e07d4868d01e73f642be24cecde3"
"Spotify","Privacy_Policy","20221123T063355",2022-11-23,6952,36340,256,216,"01c1dc477cb2cd5de0efe86c9f1379ca",41509,330,"83d200b73e1fe565ff66ddb6f9b036bc"
"Spotify","Privacy_Policy","20221230T183417",2022-12-30,8352,44408,328,227,"11e3498ba4fcd0db388a27a6fd0ab6d3",50447,407,"b7df04902c3f2a44ed4fbbb95134a895"
"Spotify","Privacy_Policy","20230222T123353",2023-02-22,8248,43939,306,226,"68820519d4cbe4edb0d39a87b5956bc6",49607,385,"31fcf96c8d9e4824c749daba3cace650"
"Spotify","Privacy_Policy","20230508T085342",2023-05-08,8245,43915,304,226,"801e1b7e71562fd84f6a3c4190954ab7",49498,382,"d6776786c241ce63b699d458bece02f1"
"Spotify","Privacy_Policy","20230512T063410",2023-05-12,25,113,5,2,"e161a14a20c9412db029dfc0fa734779",131,6,"c6dc1e78a62f49b0e231da67777485d0"
"Spotify","Privacy_Policy","20230629T123544",2023-06-29,7024,36907,269,237,"db521f0f2f6fa9e09962b9697191cfa5",41656,341,"a27bb4448f8fe46b3c9c16356912c350"
"Spotify","Privacy_Policy","20231205T123522",2023-12-05,7128,37458,259,241,"2e15b1441cf71839c1f2a9d685c1db98",42255,331,"2f3fa52f4c2397b0d3089bcbc3e4757c"
"Spotify","Privacy_Policy","20240112T123453",2024-01-12,7128,37456,259,241,"e8821e63726edfe44ef8687540923fdb",42243,331,"04755d15d1c10b10aa6692d333ed21a4"
"Spotify","Privacy_Policy","20240612T123409",2024-06-12,7132,37460,259,241,"636c3d2e772cfdf0587da966976bde6c",42775,331,"bf11774d57c2650b9e591a2778198d54"
"Spotify","Privacy_Policy","20240627T123405",2024-06-27,7391,38681,285,237,"4f6ca28726e14cb22366272dc71df62b",45292,361,"13d52c45bde16e5e8805226f5fe1b9fa"
"Spotify","Privacy_Policy","20240628T003354",2024-06-28,7389,38671,285,236,"6c2dfa18d7da7fa1b40a93b9393bfe67",45247,361,"53cbe66d0ba334fe9453bf640b5203ec"
"Spotify","Privacy_Policy","20240629T003355",2024-06-29,7390,38679,285,236,"b047b7139b49c5776703bc95fc0e044b",45255,361,"0c613a20560d29be30d72e96a08436c1"
"Spotify","Privacy_Policy","20240725T003344",2024-07-25,7379,38707,287,236,"56d08a5239d139b5185bedf8def2ddd8",44423,463,"43261fda9ae7480567f00667e952d4b1"
"Spotify","Privacy_Policy","20240727T003345",2024-07-27,7382,38712,289,236,"aac3b16cdaaec756f31dfd8c049d6947",44432,467,"79785000f2d2ee241b793eee63cc402a"
"Spotify","Privacy_Policy","20240816T003402",2024-08-16,7379,38709,287,236,"4a47ea61c7bc90d5e484c30267460ad6",44425,463,"f6c33ad6d8f24bb51f8207fd529bfcf0"
"Spotify","Privacy_Policy","20240829T003427",2024-08-29,7368,38659,287,236,"8a428ccaeafb247db56fc5d43c48af48",44106,463,"f4f1b965ce058be9b93e451b2b2b1308"
"Spotify","Privacy_Policy","20241010T123637",2024-10-10,7370,38656,287,236,"62b7cd1c9680d0ed510f88a30c5e65d8",44103,463,"145b327065a91f054f4a3c7c9f78dbcf"
"Spotify","Privacy_Policy","20250101T003433",2025-01-01,7316,38373,286,238,"6d6bccf611f7d10fe1884198876b7a0e",43751,462,"281703fe60863eead9925bdb34f21589"
"Spotify","Terms_of_Service","20220711T150021",2022-07-11,6787,37142,276,170,"524b8fde893163a7e9744b0db714999b",42566,344,"08e962ce377df21345b17e0d3ed1d65e"
"Spotify","Terms_of_Service","20230119T123350",2023-01-19,6778,37099,276,170,"1b349ebf560c8ad9c57e385474a91584",42513,344,"0320bf0258df6e030c3652b418e931a0"
"Spotify","Terms_of_Service","20230324T183407",2023-03-24,9123,49985,312,235,"c1ccd6d7c35429550bd77fe66a0d46bc",54076,320,"e6b6c4474b8caecb0e65a117a1b5176a"
"Spotify","Terms_of_Service","20230325T003358",2023-03-25,9124,49986,312,235,"84eb48d2024d8f7da76433aa2ed80b0a",54077,320,"d7590e7934cb2c5778c97815b3ae358f"
"Spotify","Terms_of_Service","20230425T063358",2023-04-25,9077,49739,310,233,"0c2962579fa8a013a21c03f4ff261ab2",53750,318,"e919e68a6b3ef69a2f1bebe425876bd3"
"Spotify","Terms_of_Service","20231114T183345",2023-11-14,9075,49723,310,233,"a17b4f60aca53265bc9e85a2f4e91dfc",53724,318,"a3fe17a8d9693d17eba049ddb460cbc3"
"Telegram","Privacy_Policy","20220711T150022",2022-07-11,4901,25651,280,230,"ee6b4e12a499c92720bd8efd94a79299",30327,283,"d7946ab38554ddea1bf4e98c6c2f7b2c"
"Telegram","Privacy_Policy","20220908T123310",2022-09-08,5022,26238,286,234,"9fbc9a4191de1bd476e01231c3842e63",30972,289,"95a29a22467c8ff963c6e1362d6bda7d"
"Telegram","Privacy_Policy","20230204T003355",2023-02-04,5034,26313,294,235,"b8cde6404bcf866e8bc70e175b1ad2b2",31010,297,"1b499a0b3cb63c99d82894ef6dbfae3f"
"Telegram","Privacy_Policy","20230424T123358",2023-04-24,5097,26720,301,235,"116a2e572e57ba5aac9b79918e37c6f5",31765,302,"b3d41e04d514396127b8e13be0f1a249"
"Telegram","Privacy_Policy","20230528T003352",2023-05-28,5095,26718,301,235,"447b5ae0f2b13ca319626934b1e34cd2",31779,302,"e8e1f39bbfbb4028557e3da6d36d50dd"
"Telegram","Privacy_Policy","20230531T183343",2023-05-31,5090,26671,303,236,"a3616d8112d6102c44e221198d0ce4c5",31708,304,"1131791a2461de1b6af2c009f85972f3"
"Telegram","Privacy_Policy","20231019T003429",2023-10-19,4687,29674,267,227,"be2da58510c41b69bd2a843155fd4656",34863,268,"8c192e8a0a7546c8d6617d5d7a3a5ed5"
"Telegram","Privacy_Policy","20240218T123514",2024-02-18,4718,29854,269,228,"a98d60171b2c520407dd2008c9492057",35128,270,"009501ae94ae738f192078fe6fa883e3"
"Telegram","Privacy_Policy","20240924T003421",2024-09-24,4747,30064,269,228,"611e703c66588ba7930439a4173f6c81",35353,270,"d24a1b84f1a1e750db7233219b92e610"
"Telegram","Privacy_Policy","20240926T123402",2024-09-26,4749,30056,269,228,"8fb6113dedc3a0c726433c60ef313e3d",35345,270,"ab00f5d7c88bd6efbc15f02bdf38a716"
"Telegram","Privacy_Policy","20240930T003354",2024-09-30,5003,31498,313,254,"3ee81491b5015355069684679505f44e",37587,314,"621a847a0005d806071ed3d9a01d150f"
"Telegram","Terms_of_Service","20220711T150022",2022-07-11,1568,8963,105,78,"5294039586fa5a0bb86ae32655b34e08",10036,109,"c7de6e046ef8a6e352bb839b1d68f97a"
"Telegram","Terms_of_Service","20230204T003356",2023-02-04,1590,9101,107,78,"fad5854088b8f0ba4719684c60927f69",10189,111,"353807fadc915ba47b2b8bc94ef4f85f"
"Telegram","Terms_of_Service","20230530T183350",2023-05-30,1590,9101,107,78,"d9db4bbc10d4e7165c2b55a5f0d87761",10189,111,"46b0656ee9aff7c21060212c367a047d"
"Telegram","Terms_of_Service","20231019T003430",2023-10-19,91,612,11,3,"6106b3cb645b0add0123fb8db958e8a0",675,12,"250f144e7b1f65b324606d9be77b93ef"
"Telegram","Terms_of_Service","20240218T123515",2024-02-18,122,792,13,4,"b93870b04430a7c7580eacd428266c36",929,14,"239fb28f773aa3e49845067530d062d2"
"Telegram","Terms_of_Service","20240220T063450",2024-02-20,122,792,13,4,"f4a29397902ef94d626d9a6c557c70d7",929,14,"482d9817d94e003968c42ca9ce6611c1"
"Telegram","Terms_of_Service","20240924T003421",2024-09-24,159,1024,14,5,"2ef124845da73b2176cd6c80c9a78258",1163,15,"c9508d01434e129ee38635ed94279728"
"Telegram","Terms_of_Service","20250207T003505",2025-02-07,2400,15934,138,122,"367ef471c1717cfd638ac9fb064fbdcd",18030,145,"014a4a166f7614281a43f01f89b3a35a"
"Threads","Privacy_Policy","20240314T183340",2024-03-14,237,1218,5,7,"f3ea0e75acb83502413bc40e45ac692e",1291,5,"e30a4f82ab29cd2d5f58b52079d45fd6"
"Threads","Privacy_Policy","20240405T003623",2024-04-05,242,1247,7,7,"e9cd0932c340664dd3f2bf7843eccf9c",1348,8,"e488930a0675f2b4dd0c5477ad292608"
"Threads","Privacy_Policy","20240419T003637",2024-04-19,1821,9914,52,48,"f6a490a395b1c2a40cfd728592373502",10946,58,"2c1d1a049269ae3e8b6bcbe6488ec8e5"
"Threads","Privacy_Policy","20240830T003458",2024-08-30,2882,15710,138,72,"c794c37bb2df50a45779554127e4e176",18661,147,"fc8bc477e2717a4d2116b74cf7fce539"
"Threads","Privacy_Policy","20241031T003606",2024-10-31,2930,15978,138,72,"93d24c2ac3b9e18e6510e856c78700bf",18937,147,"1861969a44cf8a8f9f99a53f11806849"
"Threads","Privacy_Policy","20250110T123502",2025-01-10,2882,15710,138,72,"3e7bbfef8303da050d133399ee511229",18661,147,"5b35cf935da9fecde86a6db025c387bf"
"Threads","Privacy_Policy","20250124T123530",2025-01-24,2892,15768,138,72,"62306d94c4b3499e6d4b2c4ecba64e12",18719,147,"da83f92d00ad5a40269e5624d02b749b"
"Threads","Privacy_Policy","20250125T123514",2025-01-25,2892,15768,138,72,"1121b3062c3aae93a9c003a6b8f8964b",18719,147,"ede231f26a04196222003c314c533693"
"Threads","Terms_of_Service","20240314T183336",2024-03-14,265,1325,19,10,"14a5ef235242fae3f19882e0eb1f7d86",1510,20,"16a810d921fdbe088203bd18e1a22a0b"
"Threads","Terms_of_Service","20240830T003443",2024-08-30,2663,14637,136,29,"94b8a43ec2b8cb94eba535d2afba3211",16418,135,"ae1e095eb9cec4d368d4686a2d8928cf"
"Threads","Terms_of_Service","20240831T003542",2024-08-31,2659,14615,136,29,"8e21941964eb5a696e0c20c825cdb5ba",16396,135,"98fb09a1299b2430df00ce104fabe903"
"Threads","Terms_of_Service","20240907T123418",2024-09-07,2663,14633,136,29,"baaf44c2dad737c74e826849c0e16282",16412,135,"e4ab28f748353e50380805cee5e75b1d"
"Threads","Terms_of_Service","20240925T123358",2024-09-25,2663,14633,136,29,"0d745a0cab11f93610f95f5a73947938",16413,135,"e4596963ef3426d7612579c292d5ac4d"
"Threads","Terms_of_Service","20241028T003503",2024-10-28,2663,14637,136,29,"262f2049bcbd985d1c669edca4eb8ec7",16419,135,"722d0d88bfde3a6cdc7fb8b233c34f64"
"Threads","Terms_of_Service","20241030T003557",2024-10-30,2691,14793,136,29,"88f97b871fa34ac29d7e46f0e2b9e05b",16575,135,"7cb084800069e92422ab714a5d031c90"
"Threads","Terms_of_Service","20241106T003430",2024-11-06,2693,14805,136,29,"3af0ab9f4876e5e18116cbe6d13e580d",16587,135,"3d61ca62bda261e19557ba6f4b095a54"
"TikTok","Community_Guidelines","20220711T150028",2022-07-11,7585,43115,465,180,"daa3139d86d5a3f8d550da718d7c1aa5",44365,504,"feb0c2fd6cb39f15a74a7e1f09637ebb"
"TikTok","Community_Guidelines","20220920T123322",2022-09-20,7585,43121,465,180,"78774b2691660563e58eed2b8142ddd9",44097,504,"28d7954e0d339268eb31d2e20bb37e64"
"TikTok","Community_Guidelines","20221017T123308",2022-10-17,7620,43291,467,183,"7fd570b46b4ea10ce6b3dc5d4d3fe95a",44324,504,"d19e27edddb50990b583aa71eba8f532"
"TikTok","Community_Guidelines","20221017T183450",2022-10-17,7614,43285,467,183,"769a030177816d581123f2380bcc2324",44318,504,"cb5d0494249ab6d574e1a10738bb7a73"
"TikTok","Community_Guidelines","20221123T100217",2022-11-23,7567,43042,465,180,"716f0316c11e174a60c85379dfef99af",44013,502,"8acce03aeaf82a94608c2b6f5a62a14a"
"TikTok","Community_Guidelines","20230113T063404",2023-01-13,7631,43485,493,180,"5b400f118dec8819eaad10475a633d6a",44485,531,"b79a2261bacfbf394a5b66e674012695"
"TikTok","Community_Guidelines","20230321T123417",2023-03-21,7664,43656,495,182,"c909ab0657c176c289a07cd757cc9723",44722,533,"8870ea2aa4d5047e5c9801d17178cbec"
"TikTok","Community_Guidelines","20231013T183444",2023-10-13,15857,91635,1061,466,"c11bb9901ecdfe557b62058173afd228",100214,1142,"7971b1168db727ed4b55d9636922d4e2"
"TikTok","Community_Guidelines","20231018T183444",2023-10-18,15852,91592,1059,466,"da7789b07130b8c678cc906d3a1fe9db",100164,1138,"f044512204d3c5d9dd6c4079b6b8bcb0"
"TikTok","Community_Guidelines","20240308T063625",2024-03-08,15853,91606,1059,466,"f7139a245591a144d8b907147af0f9f7",100201,1138,"26cdf937f07d98348403000f6d5026f0"
"TikTok","Community_Guidelines","20240417T123440",2024-04-17,15890,91806,1063,468,"5bbc385343c90177f472e82803ff662c",100479,1144,"4a936a1f2d7121309a3c489113b821b2"
"TikTok","Community_Guidelines","20240905T123603",2024-09-05,18691,109136,1526,505,"c1a5fa268500fe0a659c590bb7223d4e",142121,1651,"8330566e1d0f22fbf79641bef6a7a46e"
"TikTok","Community_Guidelines","20240925T123510",2024-09-25,18571,108548,1478,505,"e852e01e2ef3aab5a82fbbb0eceba6b2",141533,1603,"98db3fc6d903f1cef255393dbe70751d"
"TikTok","Privacy_Policy","20220711T150026",2022-07-11,5977,38112,280,209,"b0091d81c9e9fa79e1033a7422166570",42994,288,"3d2f6dd219faf70bcdbe01a219876d67"
"TikTok","Privacy_Policy","20220712T183242",2022-07-12,5961,38024,278,207,"0b1110011851771e1a49bc90a89e9658",42842,286,"dc57b8ed61068d63f14b107bcd51161e"
"TikTok","Privacy_Policy","20220920T123322",2022-09-20,5961,38045,278,207,"25987994faf3f8b8de932e2036f98521",42715,286,"3d684e6f84a3fd37bfb58ff261719c52"
"TikTok","Privacy_Policy","20221019T123242",2022-10-19,5795,32414,323,171,"15965dc281799190edadd37b304b9a2b",36886,336,"40359558952dd33ed1d6c3986f7e3cea"
"TikTok","Privacy_Policy","20221102T183315",2022-11-02,5816,32526,325,173,"ee13429d42fdd9ae2736b10da51a44ed",37060,339,"9b7f52c76e63dbcdd31c09a3125bc257"
"TikTok","Privacy_Policy","20221202T183405",2022-12-02,6223,34843,347,194,"f24dfcb4b29706f68afdfab66b25af45",40021,358,"9b35bca5228946a1bddd86e0e398060a"
"TikTok","Privacy_Policy","20221219T063417",2022-12-19,6223,34837,341,194,"1fdc6f111418dc3d7f18c3d31eda55f5",39715,353,"debb4aaabac68b16a1c427e1c75f274a"
"TikTok","Privacy_Policy","20230404T183432",2023-04-04,6737,37841,306,206,"f8885afdd4951627bfb0cb8522d0d701",42615,329,"881e8cf599a32dbb8725d91f728bd36a"
"TikTok","Privacy_Policy","20230505T003402",2023-05-05,6742,37852,308,206,"69ecd802edf85ff81a122c13d29567a7",42626,331,"0ecf62d080f13045074d14690e15d555"
"TikTok","Privacy_Policy","20230508T085939",2023-05-08,6798,38189,320,206,"3c842e14c0d46a0d08b65d65e43b1fb5",42941,343,"e32f59fe6c267791c3a7b921b8d6cbdc"
"TikTok","Privacy_Policy","20230524T183427",2023-05-24,6777,38083,318,204,"af5ad33ae56874445a09344cf37297eb",42768,339,"cbae3df817deaf6fd7884940766be52a"
"TikTok","Privacy_Policy","20230810T003449",2023-08-10,6782,38108,318,204,"d122b2e320a4e808b0b144cd6db4e562",42850,339,"26dadf867d90850f6a341962b8fb7a18"
"TikTok","Privacy_Policy","20231019T123505",2023-10-19,7670,43101,333,219,"f13056f04cf018315ecfb81a42540672",48273,348,"7817d03d1e505ed2bdee94e7f4ad11e8"
"TikTok","Privacy_Policy","20231020T123532",2023-10-20,7666,43097,333,219,"99a490d44ef55ed3e8359bdd1d0e0d6d",48265,348,"5e171a334689408307742b74dd9048f0"
"TikTok","Privacy_Policy","20231123T123546",2023-11-23,7645,42987,331,217,"5251d8726a48a13402634a901f4d3884",48096,346,"621532b86e5e66c9a4ec7e1e6a939284"
"TikTok","Privacy_Policy","20240417T123414",2024-04-17,8773,49412,389,253,"6a8ff26ca6d07ad3789870139213bb3d",54863,411,"8c4ba12ca58586d94765eaa0b00923c6"
"TikTok","Privacy_Policy","20241002T123511",2024-10-02,9346,52352,435,290,"a3fca1f594dabd8c3fe02343d4891caa",57871,454,"e9d136217d7020b028937cb26a5927a5"
"TikTok","Privacy_Policy","20241104T123531",2024-11-04,10016,56228,468,311,"0cca793c4ea4cefb538ba5a492076967",62680,485,"b7d9fd77d1070fc6df5bfd769de8da94"
"TikTok","Privacy_Policy","20241203T123640",2024-12-03,9995,56118,466,309,"525b1069ff668a67066b1cb42aac4182",62551,483,"c5949b8e0cb0077e69ceaf8e7e2d9f9c"
"TikTok","Privacy_Policy","20250120T003541",2025-01-20,10064,56450,470,316,"77c3eb3fc89256f533dbe6799199dec0",62952,492,"e52c0efca5bde19ae34364f7820aa8b7"
"TikTok","Terms_of_Service","20220905T082658",2022-09-05,5519,34143,371,193,"8fcb50acffef69f59df4efeddd67a7ea",37930,383,"2638f6aaf7a3ba416a41f0b62623252b"
"TikTok","Terms_of_Service","20220920T122400",2022-09-20,662,4163,47,24,"ce965562f9afc81b7257e8f288274c31",5305,50,"1d19cb1505e244b5e0760f9ca346c04a"
"TikTok","Terms_of_Service","20221116T183447",2022-11-16,5569,34422,373,195,"7a9827b25ad4bf6d25f6aee1de87f1bc",38136,385,"515284395bed70b649ab03bdd27cc59a"
"TikTok","Terms_of_Service","20221123T063358",2022-11-23,5891,36426,379,203,"67e4721c7c179abe737e2826a0e3f0ed",40139,417,"2e0b6ed07ba29ecb8e33432d71205e4e"
"TikTok","Terms_of_Service","20230111T094646",2023-01-11,5469,28292,373,162,"fac625c1cf269c0274968f99540251ae",30987,407,"78d6224ea3ce7dd524f6cce238e94e6f"
"TikTok","Terms_of_Service","20230413T063412",2023-04-13,5468,28285,373,162,"1bb481afe0ee8b7b92713daa51dea03f",30980,407,"25888799ab8a34aba317abc1a4933a92"
"TikTok","Terms_of_Service","20230505T003401",2023-05-05,5473,28296,375,162,"ab67562ceb4a8a48c7cdfb30c71c44b5",30991,409,"cdab0dbd27f9afb8706782c082b8b5e4"
"TikTok","Terms_of_Service","20230807T003410",2023-08-07,5797,30042,329,170,"6218ccb5f40be48d6af7b0a9cde881c5",33090,356,"325f7a32cbac0f753518927e79af1fcb"
"TikTok","Terms_of_Service","20241123T123515",2024-11-23,5803,30067,329,170,"dea9acc376eb5ccb2bd9d7378723c081",33115,356,"555fbc958ba928d60ed859e2014559bc"
"TikTok","Terms_of_Service","20241228T003709",2024-12-28,5797,30044,329,170,"485dbeacfaae7e1001f7b60655aa7efc",32831,340,"de95daeaf88c12e89ccff33ab4514092"
"TikTok","Terms_of_Service","20250118T003523",2025-01-18,5803,30069,329,170,"2e8766637cd2b37badb9c1bcce9c25fc",32856,340,"7d2bdf92c1cd414ae772783cc371fc60"
"TruthSocial","Community_Guidelines","20240314T183427",2024-03-14,881,4837,61,42,"ab3371fe2ef0e34547f732e66907c4dc",4934,66,"12869ef574b3c18a49b31b7ebd65fc35"
"TruthSocial","Privacy_Policy","20240314T183428",2024-03-14,7802,42959,350,253,"fa77dbabbbebf7a2d526aaaf2549d3db",44123,371,"238965547ca5e8e49272639bf7bf5d96"
"TruthSocial","Privacy_Policy","20240905T123614",2024-09-05,7783,42866,346,252,"a25597719f00de900f9f8c2848e276b1",43939,365,"ab0f977e4e230ddac9aee0c017967c34"
"TruthSocial","Privacy_Policy","20240906T003529",2024-09-06,7682,42310,334,247,"edb43402361bf411f24e3878daf2d5cd",43390,353,"6bd6ba3f80520174feaf19c24e8633b6"
"TruthSocial","Terms_of_Service","20240314T183425",2024-03-14,9418,50416,457,248,"50c160348247a9d0f22d9bb6aa1177e9",51925,493,"14eb706c8a6110ef679aa8b5c4b763fe"
"TruthSocial","Terms_of_Service","20240501T123439",2024-05-01,10104,54057,467,278,"770c7061a3fe9b765836e416d6f42d24",55666,504,"d483c9dada6b0e0235fe1561e98bb6cd"
"TruthSocial","Terms_of_Service","20240725T003439",2024-07-25,10087,53962,467,278,"63920d881a3fc2d273a35e111d319e4f",55558,503,"fe2e8cc37917146ae55345f04e9fa405"
"TruthSocial","Terms_of_Service","20240820T003530",2024-08-20,10050,53776,467,278,"75057c8c32a4685da729dd8d59eec8ad",55310,503,"09d68c87518357fe162a3e50606205aa"
"TruthSocial","Terms_of_Service","20240906T003526",2024-09-06,10090,53840,465,280,"543ffa35b71bbf2f9fcbfe30ae287295",55377,501,"731fdb9607fe4471755c45c053beeeb9"
"TruthSocial","Terms_of_Service","20241016T003605",2024-10-16,10085,53831,465,280,"c80baaac34bac4576659eccac9a5480c",55367,501,"395b4209c7dc73d9d0d9e666c0e7f845"
"TruthSocial","Terms_of_Service","20241023T003554",2024-10-23,10085,53829,465,279,"f7170f347fd1d5833d91338a193a4bd1",55427,501,"e78a0a59979b6fee8cede6bdccc3778b"
"Twitch","Community_Guidelines","20221102T072316",2022-11-02,11812,69524,683,303,"cbc842b6f6aa5c01df69a8db8993dd8f",72158,782,"ddb94abaf1f528b4c9ce0eda00da3abb"
"Twitch","Community_Guidelines","20221117T003427",2022-11-17,11812,69525,683,303,"e3d7db451ac8ab8b96d8fa9aea6c2af1",72176,784,"972d824995e08c8c8dd8bd0b59a3b495"
"Twitch","Community_Guidelines","20230313T183437",2023-03-13,11816,69539,685,303,"f951921bf48ee15abb1454e5ab2b43c1",72198,787,"647df22b9a5faff004afb91598b824b3"
"Twitch","Community_Guidelines","20230323T183440",2023-03-23,11816,69539,685,303,"1173d12d51ad0e362e999013508982da",72198,787,"7e529536773042e54f749e0ec9830745"
"Twitch","Community_Guidelines","20230425T003438",2023-04-25,11876,69918,689,303,"7ff1d8b45cddd33d2fb01854b7da02fb",72573,791,"af25333b1eaede7d7d214cdac3e99208"
"Twitch","Community_Guidelines","20230802T183452",2023-08-02,11910,70105,695,305,"0bea6b0737b9ef3b94f1715cfa0e7e1e",72760,797,"8419ca99dad3eead216b93474f89eae7"
"Twitch","Community_Guidelines","20231020T183516",2023-10-20,11962,70485,703,307,"182256a83db7d86f20f31bec2fd90484",73131,805,"da6bc1c9dfc2b9b8dcae3fab5337fe6b"
"Twitch","Community_Guidelines","20231130T183452",2023-11-30,11979,70562,703,308,"480eae9948ec91ddc00fa1650cd71ef6",73175,805,"628936c9a58ffa759f862c3fba72efe4"
"Twitch","Community_Guidelines","20231214T003610",2023-12-14,11963,70428,702,315,"4df75b531b63682ab982110470fc0c6f",73505,802,"b888295077aef016eb2ceb1fa708bac7"
"Twitch","Community_Guidelines","20231215T183551",2023-12-15,11952,70309,703,315,"274edeb68a12f3036bcc40ae1a377acb",73324,803,"e45666d282d43c3deac4990c0bdd6f60"
"Twitch","Community_Guidelines","20240103T183442",2024-01-03,12058,70878,705,317,"fc24720f9bf6b7b38ded8c1409c1837c",73897,805,"e015a171ee6063f4116c4cbd490b63bc"
"Twitch","Community_Guidelines","20240216T003559",2024-02-16,12090,71057,705,318,"eaa4408d6b2dedac931f456b13ed26da",74173,805,"cf978c8ad4ceab9345ee7fe3082e63a8"
"Twitch","Community_Guidelines","20240327T183446",2024-03-27,12136,71322,717,319,"0777f85f5cd9d5f1b685ca49d9d0ea71",74428,809,"ac1dd9b73a1b1b269b345a7a36d99bc0"
"Twitch","Community_Guidelines","20240404T183454",2024-04-04,12298,72184,724,321,"f9e1a69de55b091eee26bb0c4b4f2f8d",75295,816,"36cd772e205f090f188e2e158f70b112"
"Twitch","Privacy_Policy","20220711T150038",2022-07-11,4334,24475,157,125,"2ff19cf728965e2211445fb978de8504",25900,158,"6dec25100eb752869ad0516fb0d40a18"
"Twitch","Privacy_Policy","20220720T003242",2022-07-20,4285,24173,155,124,"f69c0e6fe540a1a387d7cff939289be8",25693,156,"12d51b949c44c9501587b0a539e436c4"
"Twitch","Privacy_Policy","20220805T183246",2022-08-05,4309,24344,155,124,"2fbb3dfb8e0554b0c6a6a7293dd817b9",25861,156,"5f5d2f66bab7485bd0d813298bad5305"
"Twitch","Privacy_Policy","20220823T003316",2022-08-23,4309,24344,155,124,"7dcd8b0ea490da347301f54c7cfbfeff",26296,174,"034419671a15049b3332b60bec5c992b"
"Twitch","Privacy_Policy","20221202T003402",2022-12-02,4710,26662,146,119,"076ef5a62116b87b216a89db5327453f",28732,165,"1462548d98e859caea06f56314d45e5b"
"Twitch","Privacy_Policy","20221209T183424",2022-12-09,4678,26443,171,142,"e70f672901ce3cc65f33fa873d4dbf60",28563,190,"7b6805d3b18a3710fb9317b1b145a762"
"Twitch","Privacy_Policy","20230203T003436",2023-02-03,4857,27433,175,151,"1411da65a5977c66b422a50c2790aa0d",29642,194,"aaffd5b97d13a615d7ec61d62dd20c4a"
"Twitch","Privacy_Policy","20230214T183434",2023-02-14,4853,27430,175,151,"762bf3d49892120ad0cde1ecdcc795d2",29645,194,"38d971c9aa3d403aa55a06cd46983b9d"
"Twitch","Privacy_Policy","20230630T183627",2023-06-30,4853,27427,175,151,"86fbfd7a9d7a9f24e59b474af8617c1d",29642,194,"95ab64d241cd8822135ab371f5826cca"
"Twitch","Privacy_Policy","20240409T003722",2024-04-09,4828,27247,171,150,"307ebefdfeceb107cd04b8ae8bed6b57",29378,190,"f08999d198d7ff5570e6274f8d61268c"
"Twitch","Terms_of_Service","20220711T150038",2022-07-11,7925,42946,285,180,"9044bef4d75a5be9c311381aaa9817d9",44750,286,"5ad534189265bd8e409b0ce6f2c2c01b"
"Twitch","Terms_of_Service","20221110T063347",2022-11-10,7966,43185,287,181,"771cd587896d19b60c0e4ebdb539121a",44985,288,"8f11347e9efad484fba05e38efa05803"
"Twitch","Terms_of_Service","20230530T183431",2023-05-30,8783,47611,331,201,"81fb8423061e807239708c28d1b4c830",49140,332,"b85bde177c9d2d8a8c4ac9633abcb647"
"Twitch","Terms_of_Service","20230606T183430",2023-06-06,8783,47611,331,201,"1c255d1b2c82ed652b19737705708324",49140,332,"2f5f2c43402b54afe7eb9987d14b9c52"
"Twitch","Terms_of_Service","20230628T183607",2023-06-28,8762,47533,331,202,"840f94161f25ec680eb29cf88cd3ef95",49058,332,"dab05b118da0586e0f1301ef40e6341e"
"Twitch","Terms_of_Service","20231027T123546",2023-10-27,8865,48054,337,201,"864d22a0157c34647d20d108bb2fe780",49575,338,"f2c68c0eff561148cffb7e0523cfd0ed"
"Twitch","Terms_of_Service","20240327T003530",2024-03-27,8493,45976,327,199,"7243f19048bceb095b788b0ed783fe68",47603,328,"46496e6b88322f93b1bc4adf246801c9"
"Twitch","Terms_of_Service","20240409T003722",2024-04-09,8485,45933,327,199,"e5600a8eda93ff01b234875bfe27d8be",47560,328,"72340bd15c9ed830cbc61a2f503bdd91"
"WeChat","Community_Guidelines","20240417T003805",2024-04-17,4257,23047,264,173,"a71266ca98034f9a7d077a299b49becc",24816,278,"dcee5a05a57eb85fc548d330fdaaf65d"
"WeChat","Privacy_Policy","20220711T150107",2022-07-11,8051,43536,296,288,"70dfa80d638b5124d571fd6987772a82",47309,330,"25d4f58c13ffd83dcf65dee51d6ec455"
"WeChat","Privacy_Policy","20220909T183350",2022-09-09,8106,43900,296,288,"01cebc0d72421e390123cafa75815c35",47673,330,"ca4097eecb43fbaa9e723043432395dc"
"WeChat","Privacy_Policy","20230602T063504",2023-06-02,8796,47559,305,300,"4366a3f9c55a357afcef9a2140724da2",51588,343,"5ddff775ed7d79012a86a733b8285c41"
"WeChat","Privacy_Policy","20240219T063623",2024-02-19,8796,47559,305,300,"d7798c72e58bcc5c411fe46123cec418",51588,343,"4ed3426462aab1108c6ed9c8c5205c74"
"WeChat","Privacy_Policy","20240411T183509",2024-04-11,8809,47633,306,300,"4aa365df372c138366d7a2fef288bcf1",51660,344,"2459c9f23a8daae17bf9e6c98598d227"
"WeChat","Privacy_Policy","20241216T123657",2024-12-16,8887,48034,302,301,"001d53c75978599c351fe24134abaf8e",52058,340,"25bcec96ba5f442eba9a3f155e472839"
"WeChat","Terms_of_Service","20220711T150101",2022-07-11,9969,53192,432,239,"5ed8a1e0c1ccfa0fdbd05d92fe149946",55779,439,"7ff8883668595a7273318ac9fcb04341"
"WeChat","Terms_of_Service","20230228T123449",2023-02-28,10039,53618,432,239,"521ac2f70c8d6ca479d98a5e8c4484b0",56254,439,"cc087cf717a3b5a232c2fe1b3c06f1a4"
"WeChat","Terms_of_Service","20230801T183509",2023-08-01,10066,53769,432,240,"6e71f3ff4c6fffa5d470cdc6effe422c",56463,439,"28e75c686968b0ca648e498ef532bd89"
"WeChat","Terms_of_Service","20240201T183509",2024-02-01,10276,55020,447,247,"19ebc2c9cf42fbdfad0e0b3bb57c267d",57785,454,"b04be7681dc4ead1f264570459b2f020"
"WeChat","Terms_of_Service","20240219T063616",2024-02-19,10260,54976,447,246,"f25e284cdeb0038139633049ad4dd470",57743,454,"e5eb994270919d6b6e14650132112160"
"WhatsApp","Privacy_Policy","20220711T150121",2022-07-11,7933,43788,290,220,"ccb92be3530948c2e8f511b50dd3a294",55654,291,"40c5a18dc846a10962e437570f376a08"
"WhatsApp","Terms_of_Service","20220711T150120",2022-07-11,4387,23716,118,120,"1b6998369db55d734053b7aabf17ace3",26300,119,"b2dec92f85546721ad56ff4c621d0c3a"
"X","Community_Guidelines","20221011T123336",2022-10-11,11125,62564,981,460,"dc2de89215b585ac12b1c5f700c45391",70406,1022,"4b50ea0510ed37fa22e11832ed439b86"
"X","Community_Guidelines","20221027T122619",2022-10-27,12748,72030,1151,517,"1a99f8b4086777cb11adf56a61db0491",81181,1200,"0175c8099958ad15d6dfc918a9b3da19"
"X","Community_Guidelines","20221114T003429",2022-11-14,20133,111624,1654,847,"4943e69c0ec3fa532ea273325a920116",123631,1732,"1045bb179a67c21450ea54b76550b800"
"X","Community_Guidelines","20221215T003450",2022-12-15,20309,112645,1657,849,"f33e9ccdf2ed3b77a832d695ef060b4e",124657,1735,"184ee5fe61acdb07cfa4b569346596b3"
"X","Community_Guidelines","20230126T183439",2023-01-26,20252,112285,1642,846,"58f0933f0ec575f43624a738ba9b1c13",124494,1717,"570aee52862ad47b300cec7d015349f9"
"X","Community_Guidelines","20231012T123507",2023-10-12,14880,83120,1236,599,"235c035338186bcd7419be87880b1e7e",92679,1287,"8761f8b50e0f7e003d832b475fd5c9b9"
"X","Community_Guidelines","20231025T183513",2023-10-25,14881,83111,1231,598,"21ff0a081f6202054bc33c68a1e3fd51",92669,1282,"871364e71308e912aff89852dea403ff"
"X","Community_Guidelines","20240112T063605",2024-01-12,14768,82544,1197,580,"d0df5595fc6ad1e194b89d4bc0b21ff9",92084,1252,"07aa9e04a04b70ee516e9808a1647a6d"
"X","Community_Guidelines","20240114T123536",2024-01-14,14767,82535,1197,580,"d44486b8a34c0c38a56a49e1e63aef5d",92079,1252,"1eb85bf57b82fb32f1b7f1910be649d6"
"X","Community_Guidelines","20240127T003632",2024-01-27,14771,82539,1198,580,"f62b9e4fd740955663b95d0334bc6d10",92084,1253,"dd52d96af09b63c4c89519bc5c58306b"
"X","Community_Guidelines","20240214T003616",2024-02-14,14774,82535,1198,580,"abde3de91389d5a65d25d71408588219",92106,1253,"b5ef65a2ca3c876daa8fb1772a6ec728"
"X","Community_Guidelines","20240216T003622",2024-02-16,14771,82518,1196,580,"5cd325f398fdf3045a44cfb27a7dcea0",92051,1251,"d92635ce3b0b34ca9696cdf5828564ad"
"X","Community_Guidelines","20240222T063633",2024-02-22,14768,82522,1196,580,"b19bc632f13e2a32970cc1edcd5ad1f8",92029,1251,"745ff8ced34fec513401cb08a7425223"
"X","Community_Guidelines","20240308T003539",2024-03-08,15906,88946,1285,618,"c9a309d22d646e5ba83388580768495c",99005,1359,"87fb9241a3829f7974b89a7ebecd3ff0"
"X","Community_Guidelines","20240321T063640",2024-03-21,15846,88980,1298,587,"638dd0206b92e06f1750616a95056fa0",98973,1388,"c0e74fccaa46364875e95212aeb941cb"
"X","Community_Guidelines","20240501T123608",2024-05-01,21570,120686,1755,831,"4de9cb4a5078010bc28fcd360d53e0d9",133915,1872,"d33b2a0608281794f6fa2daff4683db8"
"X","Community_Guidelines","20240517T183649",2024-05-17,21567,120690,1755,831,"f39e1955e32ec2cc4a870d6c0aba2a67",133893,1872,"14bf31d399d71e7b0e75d35d6cc7bbdb"
"X","Community_Guidelines","20240627T003620",2024-06-27,22558,126610,1879,832,"0828672834ff2c6a31857075110c08b5",138829,1986,"879cc2d741ed1a067bfae572304da92e"
"X","Community_Guidelines","20240725T003558",2024-07-25,22561,126606,1879,832,"1fca82325c31ccfac68b016468059c70",138847,1986,"cf3fb3c83a3a1925ddb365fd280acf94"
"X","Community_Guidelines","20241108T003820",2024-11-08,21774,122235,1791,787,"43ae4215e7b51528b90b8d6f44bb1491",134188,1894,"2ee1136d16e12840bdb4d5b1d0b1546c"
"X","Privacy_Policy","20220904T183322",2022-09-04,4966,27077,341,193,"5d77e2181350fba82864a6522a696722",31501,377,"c90257c91edf297056f294341d6f7dd5"
"X","Privacy_Policy","20220920T123332",2022-09-20,4966,27070,341,193,"551da8c62e7785f6302569b6bc4b058b",31435,377,"ed1e29b9196901079f277e3124103cc4"
"X","Privacy_Policy","20230418T183433",2023-04-18,9965,54283,681,388,"029118937375ae0baf60a6debeff6d11",62985,753,"4ecfcd7c5d1a3a853f2e7aa4419627e2"
"X","Privacy_Policy","20230518T183441",2023-05-18,4965,27058,341,193,"ab81c5501eeb6b5fa081405ff1da2bcf",31425,377,"3081f318a3c0d7d179a60f1b67df9b18"
"X","Privacy_Policy","20230823T003612",2023-08-23,10263,55466,693,396,"638c7c4dbed2ce30d2fd40d1a6aad764",63956,764,"508f440ecd76726509e950e54c286ab6"
"X","Privacy_Policy","20230830T183443",2023-08-30,10263,55466,693,396,"e0a5574138359ad398e4438618dc3936",63947,764,"cd06a18957abd50aa82bf1ba7b103ae6"
"X","Privacy_Policy","20230929T183456",2023-09-29,5235,28084,347,198,"6e62f296b324748e548e874de25e90f2",32149,381,"b0fdc1f13670bf0cac862a35139b1b65"
"X","Privacy_Policy","20231017T183507",2023-10-17,5249,28134,347,199,"4250559a245b87f19a6af489e123e93a",32379,381,"ab9ebac12a4710fe5c027ec28ebe1c21"
"X","Privacy_Policy","20240322T183519",2024-03-22,4430,23959,267,173,"3453ac87d590516b1a3781afe81c924b",28320,285,"e50ded1da678f7f728a1aa9bef650745"
"X","Privacy_Policy","20240325T183514",2024-03-25,4430,23963,267,173,"6bd33d326f29f900ad8c3da1395ab656",28324,285,"d8f0641cf0daf1b3c18889dfce642f48"
"X","Privacy_Policy","20240517T003834",2024-05-17,4462,24147,267,174,"49eda2bb754c3a2cca012f2f0c0edc50",28580,285,"375ccdbfcff25ade743baee2bf546230"
"X","Privacy_Policy","20240725T003545",2024-07-25,5351,28882,301,198,"3c598513765e27e8bdc9e72670a922b0",33522,319,"6c204dfe0ef342c6639d14a7c83891a5"
"X","Privacy_Policy","20241017T003653",2024-10-17,11561,62361,622,425,"d850f49e93fabb96d6da027be34a0738",71774,656,"ceb6acf687e10074352a37f79df24235"
"X","Privacy_Policy","20241116T003849",2024-11-16,6141,33123,316,222,"392b20440065b53c95167fc9c2ee13e9",37816,332,"01ffa22aadcfbc6111acacdbe880b903"
"X","Terms_of_Service","20220905T082341",2022-09-05,6997,38924,247,209,"a244f228272f339fa8513677dac8180a",44718,244,"3bdb7da30cb2eda0da5e0bf5a5fb499b"
"X","Terms_of_Service","20230418T183431",2023-04-18,14074,77906,499,422,"875ee471767f1ab60770f3566e0cc565",89577,490,"37c24e0e83dff1a0fc85d6991683a4b3"
"X","Terms_of_Service","20230518T183440",2023-05-18,7037,38805,251,211,"9286423dd64e70581c9a3c0ad3c82338",44643,247,"f6b03a9a73432fda74c343986faa0689"
"X","Terms_of_Service","20230823T003610",2023-08-23,15207,83115,537,456,"f43f4b791230b55758c8d1136c534820",95189,537,"c4cdc075acda40e11630724a2a34b672"
"X","Terms_of_Service","20230830T183441",2023-08-30,15192,83021,539,453,"4e40d7b643c282eca87aeb2ef385bbf2",94974,538,"2f7b4f769a40680f52c55394ee726bcb"
"X","Terms_of_Service","20230929T183454",2023-09-29,8092,43920,285,238,"14b02199cc432b1f02117ab9e065337f",49994,288,"ef818848e5fb3b98e7097456c1cddad9"
"X","Terms_of_Service","20231011T123608",2023-10-11,8267,44726,285,243,"54bfbca54a02772ef10c43026181a4ae",50067,288,"09cde166ce37699382dd1c1fc4a64651"
"X","Terms_of_Service","20241017T003651",2024-10-17,17992,96867,587,516,"59d4969a86e35bfd5947e57695e4d08e",107570,593,"4e908973aa4fad16ce0978026b5140df"
"X","Terms_of_Service","20241116T003848",2024-11-16,9656,51804,299,268,"b90146a8c2885b23cfcb30be12aa8ac2",57156,302,"c05cc303e863108f4d21576bb29cb881"
"X","Terms_of_Service","20250311T003850",2025-03-11,9662,51808,299,268,"2db39c7c6538ffe81b3eca4934fc671b",57202,302,"ae75683951ba14425523fbcc8432f2ed"
"YouTube","Community_Guidelines","20221102T091833",2022-11-02,24328,137005,1711,763,"0d96fd592ed948e1014efb94cc4073e4",154901,1877,"4be924ed548312b845f1463396521c69"
"YouTube","Community_Guidelines","20221201T183543",2022-12-01,24366,137205,1713,763,"97dd49ad2844e31b546bd0d7d6e34e63",155089,1879,"d97d909d2878208c334051a2728ab6c0"
"YouTube","Community_Guidelines","20221206T003528",2022-12-06,24319,136955,1714,761,"3d99e6c83652840d58c10397c327c4d3",154891,1880,"b564fb10d08e525b91b804d1f434d30a"
"YouTube","Community_Guidelines","20221209T183531",2022-12-09,24725,139070,1734,783,"beab59cbc7976bc7b2c75fa24de88892",157510,1903,"b75013ac5595a985cbf90e2e2dea12f1"
"YouTube","Community_Guidelines","20230325T003520",2023-03-25,24764,139288,1736,785,"68733771686a5622d7fa0ca7327a9d72",157794,1905,"ac5f42f9b4bc58c22bdcc9135ef99fb9"
"YouTube","Community_Guidelines","20230328T183529",2023-03-28,24734,139107,1735,785,"b94a0ef91b3d22465a4cb4b68260d81f",157613,1904,"2daed334d47bbb2e662a2550e277bd02"
"YouTube","Community_Guidelines","20230418T183515",2023-04-18,25047,140665,1747,793,"8e1e4270161d5087bc64deaa9474209d",159534,1922,"79fa95ca5dfe566cd3b2d9ae41793cfa"
"YouTube","Community_Guidelines","20230419T183527",2023-04-19,25353,141923,1781,810,"1963dae8d44e56fffa790f68e1373729",160826,1956,"972f2c39131e4d720b929f7c0d0a31ba"
"YouTube","Community_Guidelines","20230420T183525",2023-04-20,25280,141509,1773,808,"f44ae4559b94719e3f9e6c8bca093a6a",160393,1947,"3de23cc0945d2ba6e4957fa2038e71e8"
"YouTube","Community_Guidelines","20230602T183513",2023-06-02,25196,141028,1769,809,"aad21e4eec3c008b681baec1512c00eb",160003,1943,"07230ceff9106790886dd9183ea82040"
"YouTube","Community_Guidelines","20230628T183714",2023-06-28,25164,140915,1767,803,"ed402a338f7140b939ee49380637dccb",159904,1941,"87c959f9c91d1cb51a569d433d97638e"
"YouTube","Community_Guidelines","20230630T183730",2023-06-30,25230,141326,1769,805,"6b9701ee5809e27473c3e3af6d87886c",160315,1943,"dbe1e533c3a917c4d795e023e3ec1be8"
"YouTube","Community_Guidelines","20230713T003603",2023-07-13,25243,141408,1771,806,"3e20cf2f9c363f1e4b215ebc18207306",160425,1945,"efdc5c4cc09a934ed072aa23045bcb42"
"YouTube","Community_Guidelines","20230720T183630",2023-07-20,25270,141556,1772,806,"92ac1d2b1af9ab802ecd3afb4971a80f",160571,1946,"39ef388e9bbf6fc349222e6282b7395f"
"YouTube","Community_Guidelines","20230810T183530",2023-08-10,25292,141619,1770,812,"896ad610ada07090a1ad9abb8ff80bc1",160774,1944,"25f5d6bbd79d5b1c2077dd068efad745"
"YouTube","Community_Guidelines","20230815T123716",2023-08-15,26675,150949,1922,836,"0e6a33b83e2e4c2ea689e7db9ed75b74",171280,2095,"d9d62557e58bb795ea8174dbaa8cb88d"
"YouTube","Community_Guidelines","20230824T123615",2023-08-24,26671,150912,1920,836,"6b5d908adf30bb85a2ec4b3520543d36",171182,2093,"469623ae4e6a4d1d7ed79db4fcf250de"
"YouTube","Community_Guidelines","20230829T183523",2023-08-29,28275,160225,2017,902,"76779f5ed3785284e9d6682b3b235f33",181004,2196,"2b666d449290e815abbaf73de6a88006"
"YouTube","Community_Guidelines","20230912T063625",2023-09-12,28319,160478,2023,902,"19d62bda567776a2a325594b7a276d65",181486,2203,"fabb2cd6670b31e4d27c720c3dc3a187"
"YouTube","Community_Guidelines","20230912T183536",2023-09-12,28301,160429,2023,903,"bd9a7a14a50f8470be8a551cb9792813",181490,2203,"8fce7a0f3606e848ad54007a947c221a"
"YouTube","Community_Guidelines","20230927T003632",2023-09-27,28301,160430,2023,903,"d46857b4b8352682dbdbef72660ceecc",181497,2204,"1b7cd1a946ca1835c2a516dc78d90be6"
"YouTube","Community_Guidelines","20230928T183552",2023-09-28,28302,160436,2023,903,"a308583176a8635c0eae89ec09cee0ce",181523,2204,"abaceb9eb3f25ceaddd6b76b3aa60f32"
"YouTube","Community_Guidelines","20230930T003619",2023-09-30,28290,160348,2019,903,"96ba90a8e23f504aa696b06a91d5b156",181443,2200,"5bd4ccd9712fa777c82b44b64d139667"
"YouTube","Community_Guidelines","20231002T183540",2023-10-02,28436,161217,2015,908,"5170196d940970686d6253a94d23c429",182144,2196,"d3721a3f715c70feefaf903964716fc3"
"YouTube","Community_Guidelines","20231107T003752",2023-11-07,28437,161220,2017,908,"90032691756e635378a0f0decaeddf40",182133,2198,"9f5748c0f69b00a2e92308e33096aa63"
"YouTube","Community_Guidelines","20231212T183538",2023-12-12,28466,161417,2016,909,"4ff10665e673eebea840dbb396b9872f",182328,2197,"290846dae28f5ddaab8674e05a3201b9"
"YouTube","Community_Guidelines","20231214T183841",2023-12-14,28456,161366,2016,908,"ce9ab5641879ad027236f44d844321aa",182277,2197,"6a0732b7bedff753c1223ff629a6410a"
"YouTube","Community_Guidelines","20231219T183559",2023-12-19,28797,163394,2024,914,"3de225b8dd275f45c87e1c33e7403f0c",184795,2206,"9e5cfd29288a78c82f72b981aca62eb4"
"YouTube","Community_Guidelines","20240222T063651",2024-02-22,28983,164361,2024,914,"c79de0842847ac16330a1d76b5709a8d",186704,2223,"51c46227adbf9c001487cfe8055df80f"
"YouTube","Community_Guidelines","20240308T003557",2024-03-08,29378,166673,2056,922,"60d25813d3dab8504b7464e5a4cab77f",189056,2255,"2275608d974bdb56673cd0a91f475613"
"YouTube","Community_Guidelines","20240501T183637",2024-05-01,29400,166819,2058,922,"e4c8e4c50c0f2d906c18cff1180a1c18",189198,2257,"b4d6bcc3595b1ba95df3cee4c929361a"
"YouTube","Community_Guidelines","20240506T183637",2024-05-06,29403,166838,2058,922,"e6a5bb1ae46be32e319d879cc5011e31",189217,2257,"d682cda0db6dd284054136b227fdbc02"
"YouTube","Community_Guidelines","20240613T003631",2024-06-13,29628,168134,2077,925,"a8f0b2b31f291112295723bf15c2f76d",190458,2277,"c381865310e677f83f8c991c266d0321"
"YouTube","Community_Guidelines","20240621T003709",2024-06-21,29891,169438,2077,939,"084215202aa402d999c95f622007c21d",191749,2277,"6f3ef13dabdc5c0c069c623b70a43ef5"
"YouTube","Community_Guidelines","20240822T003816",2024-08-22,29904,169505,2079,940,"532e993ce534db2dd0aed2fcedd11c5b",191867,2279,"152aa49adb6bc4f7cae9fe431bc08b0e"
"YouTube","Community_Guidelines","20241106T003840",2024-11-06,29907,169526,2079,940,"458d89730c97bf55fe856d42c777ad00",191946,2279,"635f4ea4bcdd6eac055d1e4673412f7e"
"YouTube","Community_Guidelines","20241120T123916",2024-11-20,29992,170058,2085,942,"906f51073c95de76e1ae57e4cc23a146",192471,2285,"ce008ed5869d7134bbec9de8eda826f4"
"YouTube","Community_Guidelines","20241211T123923",2024-12-11,30111,170674,2087,943,"cef28416927226a91d18c8423419aa23",193058,2287,"81b6462b88685f162ead0d9d09c53ced"
"YouTube","Community_Guidelines","20241221T003827",2024-12-21,29449,166464,2027,935,"71ac13a6f7a4413d684d1c553e8524c0",188890,2227,"2d7d30bac8afb7e7c336c34e482de8d7"
"YouTube","Community_Guidelines","20250115T003906",2025-01-15,29473,166621,2028,935,"b2d8f801b5b89296b828950a7ad497cb",189035,2228,"63dc068b4499cf4d416badcd6ccbf37a"
"YouTube","Community_Guidelines","20250129T123845",2025-01-29,29424,166317,2026,935,"ddada63110173698e5b979a8a5836416",188732,2226,"4af945e8c663d32c7b303cba0142aeb1"
"YouTube","Community_Guidelines","20250130T003851",2025-01-30,29425,166248,2018,947,"79530b3fa32a08f001c1cff6c51679c8",188539,2218,"6ec489929b3ed4007cec6bad2357f633"
"YouTube","Community_Guidelines","20250131T003857",2025-01-31,29160,164797,2000,939,"18086ebd39faea105264f24a51b2fbdf",186701,2199,"a142ea1ff7c5b609bc57066980cdd1e2"
"YouTube","Community_Guidelines","20250201T003854",2025-02-01,29074,164210,1991,934,"510a0ba2ed46e464549eae8af1a75f03",185613,2190,"ee58c9f21e6e2bd94a2db66495d5ab26"
"YouTube","Community_Guidelines","20250201T123902",2025-02-01,29075,164220,1991,934,"734770bca9eeb3dad1a93018c7973b65",185623,2190,"b1603fa795fe3ed15eaf536400a17066"
"YouTube","Community_Guidelines","20250219T004022",2025-02-19,29072,164210,1991,934,"65a7c55b8cf49fbd0c7f0726cec19d62",185578,2190,"4ecaabf4a2c5749151092d9854fac90c"
"YouTube","Community_Guidelines","20250305T004029",2025-03-05,29045,164390,1993,934,"a0785ac06042b8b70a232245b479277f",185701,2192,"860f4d0fedb06b379b129c656ba712f1"
"YouTube","Privacy_Policy","20220711T150123",2022-07-11,9548,53701,702,282,"e3d4de6092b752f85f9b5c5fd5ec655c",66114,736,"f9cba67ac836077e00f7900193e35d76"
"YouTube","Privacy_Policy","20221004T183349",2022-10-04,9959,56118,728,289,"e879c8b4494844c5e7876b50c65ea420",69421,762,"3774fa76b8ab3783dc16bb2ab68aa8a6"
"YouTube","Privacy_Policy","20221215T183540",2022-12-15,9952,56053,727,289,"a140a393474a822fe195f9ed9385f6cc",69236,761,"c5998bf93605653805305e731d2bd18d"
"YouTube","Privacy_Policy","20230629T183651",2023-06-29,9951,56037,727,289,"5eee44d13afaafe9811730fd214fb1cd",69218,761,"1500345ee89a13c42ae8d701fa23a279"
"YouTube","Privacy_Policy","20230907T183504",2023-09-07,9944,55996,726,289,"57d9cb4048d04ffb5c8ac8929ef095d5",69125,760,"fbac8d81fdbc28b14bed18b4c0a7d847"
"YouTube","Privacy_Policy","20231011T123657",2023-10-11,9944,55999,726,289,"597f16e8fab5a6bd9a057280caea4dcd",69128,760,"c5ab99f4d8c560b13d1aa7612242f47a"
"YouTube","Privacy_Policy","20231116T003658",2023-11-16,15402,85611,708,457,"dbfbac57a4c25c552a5b1060e628a689",104461,750,"ea8d3bb0c20af9fd5f65ff65ee0af48b"
"YouTube","Privacy_Policy","20240115T183524",2024-01-15,15748,87416,722,469,"cd98c553a9ae3bdf5c897ef5204fda92",106611,764,"56fc3401c58a201f145d05d8350cd2f0"
"YouTube","Privacy_Policy","20240208T183528",2024-02-08,15753,87451,722,469,"3019a625f03e6066368d7b04818d2ec7",106663,764,"19ab04b76bf4a7e0a87c2889618d8c88"
"YouTube","Privacy_Policy","20240308T003543",2024-03-08,15971,88661,735,473,"12c21d4cf3c9a07db0f5b49bac2552e6",108058,777,"db5a35dc93690923d18ae61a613805d5"
"YouTube","Privacy_Policy","20240329T123608",2024-03-29,16043,89029,739,474,"f536f121d2655cd0d8b28a94576325fd",108430,781,"520dde1e4cd1e0cec7b4fe3453914448"
"YouTube","Privacy_Policy","20240506T183623",2024-05-06,16043,89030,739,474,"223cd26df4f5bd0e3e326d86209dccb0",108431,781,"f054653eb7e8d5d04a1675fe60823f2e"
"YouTube","Privacy_Policy","20240917T003812",2024-09-17,16046,89050,740,474,"9952ab650d711818e933357e52af90cc",108517,782,"e1747700c432c227272efde4bf946f6c"
"YouTube","Terms_of_Service","20220711T150124",2022-07-11,5405,29768,363,158,"f0d0e1b83d03556a8047508cd88195cd",34442,420,"92433a5a4332a069bc64f94e47807368"
"YouTube","Terms_of_Service","20220920T152314",2022-09-20,5405,29768,363,158,"de1392e780365443e4f34f9e9eb2f68c",34419,420,"499f95464ae66193c8da518b751461d7"
"YouTube","Terms_of_Service","20221122T003505",2022-11-22,5475,30401,399,161,"bd81b592c659860807eed8fb63c686c2",35235,456,"751d21c4c9b37daf9a7fd49f98753282"
"YouTube","Terms_of_Service","20241212T003836",2024-12-12,5487,30468,401,161,"1254e75e0a12d0b36eb9bfb09301db72",36153,458,"48983e0f4a5549d3b1a8acdd7553a449"
"YouTube","Terms_of_Service","20250115T003852",2025-01-15,5487,30467,401,161,"ad39fa66be43813a357968b9867990f3",36152,458,"d7d2b95c4961c7a0b58108d14ad547aa"
"YouTube","Terms_of_Service","20250317T124107",2025-03-17,5486,30466,401,161,"42b4e632e7a8da7865a7ece0d51aa9d2",36152,458,"fbf9ec21ee5a57f389e4948a61205b63"
